20000005,33$87@1618900667000,34$86@1618900729000,33$86@1618900759000,33$87@1618900770000,32$87@1618900810000,31$87@1618900848000,30$87@1618900869000,29$88@1618900908000,29$89@1618900948000,29$90@1618901007000,30$91@1618901027000,30$92@1618901075000
20000005,30$92@1618901075000,30$103@1618901463000,31$103@1618901493000,31$102@1618901517000,31$103@1618901625000,31$102@1618901684000,30$102@1618901704000,31$102@1618901746000,31$103@1618901760000,31$104@1618901823000,30$104@1618901859000,30$103@1618901941000,30$102@1618901957000,31$101@1618902001000,31$100@1618902018000,31$99@1618902039000
20000005,31$99@1618902039000,33$93@1618902458000,34$93@1618902478000,35$93@1618902557000,36$93@1618902577000,37$93@1618902616000,38$92@1618902637000,39$92@1618902696000,40$92@1618902736000,41$91@1618902756000,42$90@1618902776000,43$89@1618902815000,44$89@1618902834000,44$88@1618902875000,45$88@1618902895000
20000005,45$88@1618902895000,46$87@1618903034000,47$86@1618903093000,48$85@1618903133000,49$85@1618903166000,50$84@1618903193000,50$83@1618903213000,51$82@1618903253000,51$81@1618903266000
20000005,51$81@1618903266000,51$80@1618903392000,51$79@1618903411000,52$79@1618903431000,53$78@1618903451000,53$77@1618903464000,54$76@1618903491000,54$75@1618903511000,54$74@1618903572000,55$74@1618903590000,55$73@1618903610000,55$72@1618903650000,56$71@1618903670000,56$70@1618903675000,56$69@1618903709000,55$68@1618903729000,55$67@1618903749000,54$66@1618903789000,54$65@1618903829000,54$64@1618903867000,53$64@1618903948000,53$63@1618903968000,52$62@1618904007000,52$61@1618904027000,52$60@1618904046000,51$59@1618904067000,51$58@1618904165000,50$57@1618904205000,49$56@1618904246000,49$55@1618904265000,48$54@1618904285000,48$53@1618904325000,47$52@1618904357000,46$51@1618904385000,46$50@1618904404000
20000005,46$50@1618904404000,45$49@1618904544000,45$48@1618904558000,44$48@1618904583000
20000005,44$48@1618904583000,43$48@1618904716000,42$48@1618904742000,41$48@1618904762000,40$48@1618904861000,39$48@1618904881000,38$48@1618904901000,37$48@1618904941000,36$48@1618904961000,35$48@1618905020000,34$48@1618905040000,33$48@1618905060000,32$48@1618905119000,31$48@1618905139000
20000005,31$48@1618905139000,30$48@1618905278000,29$48@1618905298000
20000005,29$48@1618905298000,28$48@1618905509000,29$48@1618905576000
20000005,29$48@1618905576000,30$48@1618905775000
20000005,30$48@1618905775000,31$48@1618905934000,32$48@1618905973000,33$48@1618905993000,34$48@1618906033000,35$48@1618906073000,36$48@1618906093000,37$48@1618906131000,38$48@1618906145000,39$48@1618906172000,40$48@1618906192000,41$48@1618906212000,42$48@1618906311000,43$48@1618906350000,44$48@1618906470000,45$48@1618906488000,45$49@1618906490000,46$50@1618906529000,47$51@1618906609000,47$52@1618906628000,48$53@1618906647000,48$54@1618906668000,49$54@1618906740000,49$55@1618906748000,50$56@1618906788000,50$57@1618906807000,51$58@1618906846000,51$59@1618906855000,52$60@1618906963000,52$61@1618906984000,53$62@1618907004000,53$63@1618907025000,53$64@1618907046000,54$64@1618907097000,54$65@1618907124000,54$66@1618907143000,55$67@1618907170000,55$68@1618907203000,56$69@1618907222000,56$70@1618907262000,56$71@1618907265000,55$71@1618907281000,55$72@1618907302000,55$73@1618907321000,55$74@1618907336000,54$74@1618907340000,54$75@1618907419000,54$76@1618907438000,53$76@1618907459000,53$77@1618907480000,52$78@1618907501000,52$79@1618907520000,51$79@1618907540000,51$80@1618907548000,51$81@1618907580000,50$82@1618907632000,50$83@1618907678000,49$84@1618907698000,49$85@1618907717000,48$85@1618907738000,47$86@1618907757000,45$87@1618907876000,45$88@1618907896000,44$88@1618907999000,43$88@1618908022000,44$89@1618908068000
20000005,44$89@1618908068000,43$89@1618908216000,43$90@1618908236000,42$90@1618908255000,41$91@1618908276000,40$92@1618908315000,39$92@1618908337000,38$92@1618908375000,37$92@1618908395000,36$93@1618908454000,35$93@1618908494000,34$93@1618908539000,33$93@1618908575000,32$93@1618908614000,31$93@1618908654000
20000005,31$93@1618908654000,30$93@1618908793000
20000005,30$93@1618908793000,30$94@1618908958000
20000005,30$94@1618908958000,31$100@1618909329000,30$101@1618909387000,30$102@1618909399000,30$103@1618909409000,31$103@1618909432000
20000005,31$103@1618909432000,31$102@1618909883000,31$103@1618909920000,30$104@1618910043000,30$103@1618910083000,30$102@1618910104000,30$101@1618910126000,31$101@1618910143000,31$100@1618910170000
20000005,31$100@1618910170000,32$100@1618910343000,32$99@1618910381000,32$98@1618910384000,32$97@1618910401000,32$96@1618910521000,32$95@1618910541000,31$95@1618910560000,31$94@1618910580000,31$93@1618910601000,31$92@1618910620000,31$91@1618910660000,31$89@1618910699000,30$88@1618910718000,30$87@1618910738000,31$87@1618910780000,32$87@1618910819000,33$87@1618910859000
20000005,33$87@1618910859000,34$86@1618919241000,33$87@1618919300000,32$87@1618919360000,31$87@1618919392000,30$87@1618919419000,30$88@1618919478000,31$89@1618919519000,31$90@1618919538000,31$91@1618919559000,31$92@1618919578000,31$93@1618919598000,31$94@1618919618000,31$95@1618919638000,31$96@1618919657000,32$96@1618919678000,32$97@1618919697000,32$98@1618919717000,32$99@1618919737000,32$100@1618919757000,31$100@1618919777000
20000005,31$100@1618919777000,30$101@1618920023000,30$102@1618920055000,30$103@1618920075000,31$103@1618920104000,31$102@1618920135000,31$103@1618920191000
20000005,31$103@1618920191000,31$104@1618920730000
20000005,31$104@1618920730000,31$98@1618921008000,30$98@1618921028000,30$97@1618921088000,30$96@1618921128000,30$95@1618921143000,30$94@1618921207000,30$93@1618921275000,31$93@1618921326000,32$93@1618921346000,33$93@1618921376000,34$93@1618921445000,35$93@1618921495000,37$93@1618921545000,38$92@1618921565000,39$92@1618921585000,40$92@1618921604000,41$91@1618921643000,42$90@1618921664000,43$90@1618921684000,43$89@1618921704000,44$89@1618921710000,44$88@1618921737000,45$88@1618921763000,46$87@1618921781000,47$86@1618921823000,48$85@1618921902000,49$85@1618921922000,49$84@1618921942000,50$84@1618921948000,50$83@1618921962000,50$82@1618922002000,51$82@1618922022000,51$81@1618922041000,51$80@1618922079000,52$79@1618922101000,52$78@1618922121000,53$77@1618922141000,53$76@1618922161000,54$76@1618922179000,54$75@1618922186000,54$74@1618922220000,55$74@1618922249000,55$73@1618922280000,55$72@1618922300000,55$71@1618922319000,56$71@1618922331000,56$70@1618922339000,56$69@1618922359000,55$68@1618922377000,55$67@1618922399000,54$66@1618922419000,54$65@1618922439000,54$64@1618922473000,53$64@1618922498000,53$63@1618922530000,53$62@1618922558000,52$61@1618922578000,52$60@1618922598000,51$59@1618922617000,51$58@1618922675000,50$57@1618922697000,50$56@1618922717000,49$55@1618922737000,49$54@1618922756000,48$54@1618922776000,48$53@1618922796000,47$52@1618922836000,46$51@1618922856000,46$50@1618922875000,46$49@1618922915000,45$49@1618922935000,45$48@1618922948000,44$48@1618922953000,43$48@1618923074000,42$48@1618923114000,41$48@1618923229000,40$48@1618923313000,39$48@1618923332000,38$48@1618923352000,37$48@1618923372000,36$48@1618923392000,35$48@1618923452000,34$48@1618923471000,33$48@1618923491000,32$48@1618923551000,31$48@1618923568000,30$48@1618923591000
20000005,30$48@1618923591000,29$48@1618924008000
20000005,29$48@1618924008000,28$48@1618924221000,29$48@1618924266000
20000005,29$48@1618924266000,30$48@1618924961000
20000005,30$48@1618924961000,31$48@1618925100000,32$48@1618925120000,33$48@1618925140000,34$48@1618925239000,35$48@1618925259000,36$48@1618925279000,37$48@1618925318000,38$48@1618925338000,39$48@1618925378000,40$48@1618925398000,41$48@1618925418000,42$48@1618925477000,43$48@1618925497000,44$48@1618925557000,45$49@1618925589000,46$50@1618925636000,46$51@1618925696000,47$52@1618925716000,47$53@1618925736000,48$53@1618925755000,48$54@1618925764000,49$55@1618925815000,50$56@1618925855000,50$57@1618925874000,51$58@1618925894000,51$59@1618925914000,52$60@1618925994000,52$61@1618926013000,52$62@1618926033000,53$63@1618926053000,53$64@1618926087000,54$65@1618926133000,54$66@1618926172000,55$67@1618926192000,55$68@1618926212000,55$69@1618926232000,56$69@1618926237000,56$70@1618926252000,56$71@1618926272000,55$72@1618926292000,55$73@1618926331000,54$74@1618926350000,54$75@1618926391000,54$76@1618926430000,53$77@1618926451000,52$78@1618926490000,51$79@1618926510000,51$80@1618926529000,51$81@1618926547000,50$82@1618926629000,50$83@1618926646000,50$84@1618926669000,49$84@1618926689000,48$85@1618926709000,47$86@1618926748000,46$86@1618926774000,46$87@1618926795000,45$87@1618926827000,45$88@1618926845000,44$88@1618926887000,44$89@1618926907000
20000005,44$89@1618926907000,43$89@1618927066000,42$90@1618927106000,42$91@1618927126000,41$91@1618927143000,40$92@1618927155000,39$92@1618927185000,38$92@1618927205000,37$92@1618927245000,36$93@1618927284000,35$93@1618927324000,34$93@1618927398000,33$93@1618927435000,32$93@1618927482000,31$93@1618927503000
20000005,31$93@1618927503000,30$93@1618927642000
20000005,31$98@1618928965000,33$93@1618929330000,34$93@1618929449000,35$93@1618929529000,36$93@1618929567000,37$92@1618929588000,38$92@1618929607000,39$92@1618929628000,40$92@1618929648000,41$91@1618929668000,42$90@1618929688000,43$90@1618929708000,43$89@1618929727000,44$88@1618929747000,45$88@1618929869000,45$87@1618929906000,46$87@1618929925000,46$86@1618929948000,47$86@1618929966000,48$85@1618930005000,49$85@1618930025000,49$84@1618930044000,50$84@1618930064000,50$83@1618930066000,51$82@1618930125000,51$81@1618930144000,51$80@1618930203000,52$79@1618930224000,52$78@1618930243000,53$77@1618930264000,53$76@1618930305000,54$76@1618930323000,54$75@1618930339000,54$74@1618930360000,55$74@1618930403000,55$73@1618930421000,55$72@1618930462000,56$71@1618930482000,56$70@1618930502000,56$69@1618930522000,55$68@1618930561000,55$67@1618930581000,54$66@1618930601000,54$65@1618930641000,54$64@1618930660000,53$64@1618930681000,53$63@1618930740000,53$62@1618930760000,52$62@1618930780000,52$61@1618930800000,52$60@1618930819000,51$59@1618930840000,51$58@1618930916000,50$57@1618930958000,50$56@1618930979000,49$55@1618930999000,49$54@1618931018000,48$54@1618931038000,48$53@1618931101000,47$52@1618931138000,47$51@1618931157000,46$51@1618931177000,46$50@1618931197000,45$49@1618931257000,45$48@1618931277000,44$48@1618931316000,43$48@1618931336000,42$48@1618931359000,41$48@1618931396000,40$48@1618931455000,39$48@1618931475000,38$48@1618931495000,37$48@1618931535000,36$48@1618931554000,35$48@1618931614000,34$48@1618931634000,33$48@1618931654000,32$48@1618931714000
20000005,32$48@1618931714000,31$48@1618932289000
20000005,31$48@1618932289000,30$48@1618932706000
20000005,30$48@1618932706000,29$48@1618933076000
20000005,29$48@1618933076000,28$48@1618933362000,29$48@1618933444000
20000005,29$48@1618933444000,30$48@1618933937000,31$48@1618934039000,32$48@1618934076000,33$48@1618934095000,34$48@1618934176000,35$48@1618934196000,36$48@1618934215000,37$48@1618934275000,38$48@1618934294000,39$48@1618934334000,40$48@1618934337000,41$48@1618934373000,42$48@1618934454000,43$48@1618934473000,44$48@1618934493000,45$49@1618934527000,46$50@1618934552000,47$51@1618934672000,47$52@1618934691000,48$53@1618934712000,48$54@1618934758000,49$55@1618934831000,50$56@1618934851000,50$57@1618934871000,51$58@1618934891000,51$59@1618934925000,52$60@1618934990000,52$61@1618935009000,53$62@1618935030000,53$63@1618935048000,53$64@1618935068000,54$65@1618935167000,54$66@1618935207000,55$67@1618935228000,55$68@1618935248000,55$69@1618935268000,56$69@1618935273000,56$70@1618935306000,56$71@1618935312000,55$71@1618935328000,55$72@1618935347000,55$73@1618935367000,55$74@1618935386000
20000005,55$74@1618935386000,51$80@1618935660000,51$81@1618935685000,51$82@1618935744000,50$82@1618935763000,50$83@1618935782000,50$84@1618935796000,49$84@1618935804000,49$85@1618935822000,48$85@1618935841000,47$86@1618935883000,46$86@1618935922000,46$87@1618935943000,45$88@1618935983000,44$88@1618936102000,44$89@1618936122000
20000005,44$89@1618936122000,43$89@1618936261000,43$90@1618936280000,42$90@1618936301000,41$91@1618936321000,40$92@1618936360000,39$92@1618936380000,38$92@1618936398000,37$92@1618936471000,36$93@1618936517000,35$93@1618936558000,34$93@1618936656000,33$93@1618936696000,32$93@1618936737000,31$93@1618936794000,30$93@1618936856000
20000005,30$93@1618936856000,31$99@1618937321000,31$100@1618937348000
20000005,31$100@1618937348000,30$101@1618937483000,30$102@1618937523000,30$103@1618937543000,31$103@1618937587000,31$102@1618937632000,31$103@1618937667000
20000005,31$103@1618937667000,31$104@1618937929000,30$104@1618937945000,30$103@1618938032000,30$102@1618938061000
20000005,33$87@1618981457000,34$86@1618981512000,33$87@1618981576000,32$87@1618981596000,31$87@1618981619000,30$87@1618981655000,29$88@1618981695000,29$89@1618981754000,29$90@1618981774000,29$91@1618981794000,30$91@1618981834000,30$92@1618981854000,30$93@1618981913000
20000005,30$93@1618981913000,30$99@1618982276000,31$99@1618982291000,31$100@1618982311000,30$100@1618982330000,30$101@1618982390000,30$102@1618982407000,30$103@1618982424000,31$103@1618982449000,31$102@1618982498000,31$103@1618982528000,30$103@1618982629000,31$103@1618982688000,31$104@1618982756000,30$104@1618982787000,30$102@1618982867000,30$101@1618982886000,31$100@1618982906000,31$99@1618982979000
20000005,31$99@1618982979000,31$93@1618983324000,32$93@1618983423000,33$93@1618983452000,34$93@1618983482000,35$93@1618983542000,36$93@1618983562000,37$92@1618983581000,38$92@1618983602000,39$92@1618983634000,40$92@1618983681000,41$91@1618983701000,42$90@1618983721000,43$90@1618983741000,43$89@1618983759000,44$88@1618983780000,45$88@1618983916000,46$87@1618983959000,47$86@1618984006000,48$85@1618984057000,49$85@1618984078000,49$84@1618984098000,50$83@1618984115000,50$82@1618984158000,51$81@1618984178000,51$80@1618984257000,51$79@1618984277000,52$78@1618984297000,53$77@1618984316000,54$76@1618984356000,54$75@1618984365000,54$74@1618984396000,55$74@1618984470000,55$73@1618984495000,55$72@1618984515000,56$71@1618984535000,56$70@1618984555000,56$69@1618984564000,55$69@1618984575000,55$67@1618984595000,54$66@1618984632000,54$65@1618984663000,54$64@1618984694000,53$64@1618984740000,53$63@1618984773000,53$62@1618984793000,52$61@1618984833000,51$59@1618984853000,51$58@1618984907000,50$57@1618984952000,50$56@1618984972000,49$55@1618984992000,48$54@1618985012000,48$53@1618985091000,47$51@1618985131000,46$50@1618985151000,46$49@1618985210000,45$49@1618985230000,45$48@1618985235000,44$48@1618985250000,43$48@1618985271000,42$48@1618985369000,41$48@1618985389000,40$48@1618985469000,39$48@1618985488000,38$48@1618985508000,37$48@1618985548000,36$48@1618985568000,35$48@1618985647000,34$48@1618985667000,33$48@1618985687000,32$48@1618985747000,31$48@1618985767000,30$48@1618985803000,29$48@1618985896000
20000005,29$48@1618985896000,28$48@1618986176000,29$48@1618986343000
20000005,29$48@1618986343000,30$48@1618986758000,31$48@1618986819000,32$48@1618986837000,33$48@1618986859000,34$48@1618986918000,35$48@1618986938000,36$48@1618986958000,37$48@1618986978000,38$48@1618986998000,39$48@1618987037000,40$48@1618987056000,41$48@1618987069000,42$48@1618987256000,43$48@1618987276000,44$48@1618987316000,45$48@1618987335000,45$49@1618987349000,46$50@1618987375000,46$51@1618987474000,47$52@1618987494000,47$53@1618987513000,48$53@1618987534000,48$54@1618987546000,49$55@1618987594000,50$56@1618987633000,50$57@1618987653000,51$58@1618987665000,51$59@1618987772000,52$60@1618987831000,52$61@1618987851000,52$62@1618987871000,53$63@1618987891000,53$64@1618987911000,54$64@1618987979000,54$65@1618987991000,54$66@1618988030000,55$67@1618988061000,55$69@1618988110000,56$69@1618988120000,56$70@1618988129000,56$71@1618988150000,55$72@1618988169000,55$73@1618988189000,55$74@1618988209000,54$74@1618988218000,54$75@1618988328000,54$76@1618988339000,53$77@1618988387000,52$78@1618988407000,51$79@1618988428000,51$80@1618988440000,51$81@1618988467000,51$82@1618988545000,50$82@1618988566000,50$83@1618988587000,50$84@1618988603000,49$85@1618988626000,48$85@1618988645000,47$86@1618988685000,46$87@1618988724000,45$87@1618988765000,45$88@1618988784000,44$88@1618988903000,44$89@1618988924000,43$89@1618989123000,43$90@1618989162000,42$90@1618989165000,41$91@1618989221000,40$91@1618989240000,40$92@1618989261000,38$92@1618989282000,37$92@1618989302000,36$93@1618989360000,35$93@1618989401000,34$93@1618989550000,33$93@1618989594000,32$93@1618989639000,31$93@1618989664000,30$93@1618989798000
20000005,30$93@1618989798000,30$98@1618990076000,30$99@1618990116000,31$99@1618990132000,31$100@1618990155000,30$101@1618990269000,30$102@1618990307000,30$103@1618990322000,31$103@1618990408000,31$102@1618990451000,31$103@1618990493000,31$104@1618990533000
20000005,31$104@1618990533000,31$103@1618990891000,31$104@1618991105000,30$104@1618991187000,30$103@1618991307000,30$102@1618991328000,30$101@1618991352000,31$101@1618991366000,31$100@1618991447000,31$99@1618991453000,31$98@1618991506000,30$98@1618991525000,30$97@1618991584000,30$95@1618991624000,30$94@1618991725000,30$93@1618991745000,31$93@1618991784000,32$93@1618991854000,33$93@1618991923000,34$93@1618991963000
20000005,34$93@1618991963000,31$93@1618991844000,34$93@1618991994000,35$93@1618992023000,36$93@1618992061000,37$93@1618992101000,38$92@1618992121000,39$92@1618992180000,40$92@1618992221000,41$91@1618992241000,42$91@1618992261000,42$90@1618992279000,43$90@1618992299000,44$89@1618992320000,44$88@1618992340000,45$88@1618992417000,45$87@1618992458000,46$87@1618992477000,47$86@1618992512000,48$85@1618992556000,49$84@1618992596000,50$84@1618992604000,50$83@1618992620000,51$82@1618992674000,51$81@1618992682000,51$80@1618992753000,51$79@1618992772000,52$78@1618992793000,53$77@1618992813000,54$76@1618992835000,54$75@1618992851000,54$74@1618992907000,55$74@1618992913000,55$73@1618992953000,55$72@1618992974000,56$71@1618992993000,56$70@1618993012000,56$69@1618993033000,55$68@1618993042000,55$67@1618993072000,55$66@1618993091000,54$66@1618993109000,54$65@1618993130000,54$64@1618993150000,53$64@1618993158000,53$62@1618993230000,52$61@1618993250000,52$60@1618993290000,51$59@1618993309000,51$58@1618993354000,50$57@1618993389000,49$55@1618993429000,49$54@1618993448000,48$54@1618993467000,48$53@1618993479000,47$52@1618993515000,46$51@1618993547000,46$50@1618993567000,45$48@1618993642000,44$48@1618993650000,43$48@1618993746000,42$48@1618993786000,41$48@1618993807000,40$48@1618993886000,39$48@1618993907000,38$48@1618993946000,37$48@1618993967000,36$48@1618994008000,35$48@1618994068000,34$48@1618994087000,33$48@1618994108000,32$48@1618994167000,31$48@1618994187000,30$48@1618994326000,29$48@1618994366000
20000005,29$48@1618994366000,28$48@1618994703000,29$48@1618994821000
20000005,29$48@1618994821000,30$48@1618995298000,31$48@1618995361000,32$48@1618995377000,33$48@1618995397000
20000005,33$48@1618995397000,34$48@1618995675000,35$48@1618995694000,36$48@1618995714000,37$48@1618995755000,38$48@1618995813000,39$48@1618995833000,40$48@1618995854000,41$48@1618995873000,42$48@1618995931000,43$48@1618995972000,44$48@1618996052000,45$49@1618996070000,46$50@1618996111000,46$51@1618996211000,47$52@1618996230000,48$53@1618996255000,48$54@1618996283000,49$54@1618996369000,49$55@1618996390000,49$56@1618996409000,50$56@1618996423000,50$57@1618996429000,51$58@1618996467000,51$59@1618996483000,52$60@1618996546000,52$62@1618996586000,53$62@1618996606000,53$63@1618996626000,53$64@1618996646000,54$64@1618996705000,54$65@1618996726000,54$66@1618996745000,55$67@1618996785000,55$68@1618996825000,56$69@1618996833000,56$70@1618996863000,56$71@1618996868000,55$71@1618996884000,55$72@1618996903000,55$73@1618996924000,54$74@1618996942000,54$75@1618996990000,54$76@1618997023000,53$77@1618997043000,52$78@1618997062000,52$79@1618997083000,51$80@1618997102000,51$81@1618997123000,50$82@1618997182000,50$83@1618997201000,49$84@1618997222000,49$85@1618997241000,48$85@1618997262000,47$85@1618997279000,47$86@1618997300000,46$86@1618997340000,45$88@1618997380000,44$88@1618997420000,44$89@1618997510000,43$89@1618997631000,43$90@1618997659000,42$90@1618997678000,42$91@1618997714000,41$91@1618997738000,40$92@1618997758000,39$92@1618997778000,38$92@1618997818000,37$92@1618997858000,36$92@1618997877000,36$93@1618997896000,35$93@1618997917000,34$93@1618997957000,33$93@1618998056000,32$93@1618998075000,30$93@1618998194000,30$94@1618998264000,30$95@1618998352000,30$96@1618998367000,30$97@1618998432000,30$98@1618998453000,31$98@1618998472000,31$99@1618998493000,31$100@1618998532000,31$101@1618998631000,30$101@1618998652000,30$102@1618998661000,30$103@1618998671000,31$103@1618998725000,31$102@1618998778000
20000005,31$102@1618998778000,31$103@1618999848000,31$104@1619000108000,30$104@1619000221000,30$103@1619000242000,30$102@1619000281000,31$101@1619000316000,31$99@1619000422000,31$98@1619000540000,30$98@1619000560000,30$97@1619000579000,30$94@1619000735000,30$93@1619000789000,31$93@1619000816000,32$93@1619000881000,33$93@1619000916000,34$93@1619000965000,35$93@1619000996000,36$93@1619001034000,37$93@1619001055000,38$92@1619001074000,39$92@1619001095000,41$91@1619001154000,42$91@1619001174000,43$90@1619001194000,43$89@1619001214000,44$89@1619001233000,44$88@1619001241000,45$88@1619001262000,45$87@1619001293000,46$87@1619001313000,47$86@1619001332000,48$85@1619001372000,49$84@1619001412000,50$84@1619001429000,50$83@1619001436000,51$82@1619001492000,51$81@1619001511000,51$80@1619001551000,51$79@1619001570000,52$78@1619001591000,53$78@1619001611000,54$76@1619001651000,54$75@1619001658000,54$74@1619001722000,55$74@1619001751000,55$73@1619001770000,55$72@1619001790000,56$71@1619001808000,56$70@1619001827000,56$69@1619001849000,55$68@1619001868000,55$67@1619001889000,54$66@1619001908000,54$65@1619001948000,54$64@1619001968000,53$64@1619002008000,53$63@1619002067000,53$62@1619002088000,52$61@1619002107000,52$60@1619002147000,51$59@1619002166000,51$58@1619002206000,50$57@1619002246000,50$56@1619002265000,49$55@1619002286000,48$54@1619002326000,48$53@1619002368000,46$49@1619002494000,45$49@1619002504000,45$48@1619002522000,44$48@1619002544000,43$48@1619002565000,42$48@1619002584000,41$48@1619002664000,40$48@1619002764000,39$48@1619002783000,38$48@1619002802000,37$48@1619002863000,36$48@1619002882000,35$48@1619002942000,34$48@1619002963000,33$48@1619002982000,31$48@1619003042000,30$48@1619003280000,29$48@1619003321000,28$48@1619003560000,29$48@1619003619000,30$48@1619003875000,31$48@1619003915000,33$48@1619003954000,34$48@1619004033000,35$48@1619004054000,36$48@1619004073000,37$48@1619004094000,38$48@1619004132000,39$48@1619004172000,40$48@1619004193000,41$48@1619004212000,42$48@1619004292000,43$48@1619004331000,44$48@1619004369000,45$48@1619004401000,45$49@1619004409000,46$49@1619004430000,46$50@1619004451000,46$51@1619004529000,47$51@1619004550000,47$52@1619004569000,48$53@1619004590000,48$54@1619004624000,49$55@1619004669000,50$56@1619004709000,50$57@1619004729000,51$58@1619004749000,51$59@1619004773000,51$60@1619004829000,52$60@1619004848000,52$61@1619004867000,53$62@1619004888000,53$63@1619004907000,53$64@1619004928000,54$65@1619005027000,54$66@1619005066000,55$68@1619005146000,56$69@1619005160000,56$70@1619005186000,56$71@1619005205000,55$72@1619005226000,55$73@1619005264000,54$74@1619005285000,54$75@1619005325000,54$76@1619005344000,53$76@1619005365000,53$77@1619005373000,52$79@1619005425000,51$79@1619005444000,51$81@1619005523000,50$82@1619005543000,50$83@1619005583000,49$84@1619005602000,48$85@1619005623000,47$86@1619005663000,46$87@1619005722000,45$87@1619005762000,45$88@1619005781000,44$88@1619005801000,45$88@1619005831000,44$89@1619005885000,44$88@1619005886000,44$89@1619005896000,43$89@1619005982000,43$90@1619006001000,42$90@1619006022000,41$91@1619006041000,40$91@1619006049000,40$92@1619006060000,38$92@1619006095000,37$92@1619006139000,36$92@1619006158000,36$93@1619006179000,35$93@1619006198000,34$93@1619006297000,33$93@1619006357000,32$93@1619006397000,31$93@1619006408000,30$93@1619006576000,30$95@1619006794000,30$96@1619006834000,30$97@1619006853000,30$98@1619006874000,31$99@1619006912000,31$100@1619006931000,30$102@1619006973000,30$103@1619006992000,31$103@1619007191000,31$102@1619007244000,31$103@1619007280000,31$104@1619007327000,30$104@1619007362000,31$103@1619007407000,31$102@1619007469000
20000005,31$102@1619007469000,31$103@1619007913000,31$104@1619008129000,30$104@1619008180000,30$103@1619008265000,30$102@1619008282000,31$101@1619008324000,31$100@1619008335000,32$100@1619008450000,32$99@1619008482000,32$98@1619008492000,32$97@1619008506000,32$96@1619008602000,31$95@1619008641000,31$93@1619008681000,32$93@1619008706000,33$93@1619008801000,34$93@1619008839000,35$93@1619008900000,36$93@1619008919000,37$93@1619008938000,37$92@1619008959000,39$92@1619008978000,40$92@1619008999000,42$91@1619009039000,42$90@1619009059000,43$90@1619009078000,44$89@1619009099000,44$88@1619009118000,45$88@1619009238000,46$87@1619009276000,47$86@1619009297000,48$85@1619009337000,49$84@1619009367000,50$84@1619009388000,50$83@1619009395000,50$82@1619009436000,51$81@1619009456000,51$80@1619009515000,51$79@1619009536000,52$78@1619009555000,53$78@1619009574000,53$77@1619009595000,54$76@1619009615000,54$75@1619009636000,54$74@1619009653000,56$71@1619009723000,56$70@1619009734000,56$69@1619009744000,55$68@1619009774000,55$67@1619009793000,54$66@1619009813000,54$65@1619009833000,54$64@1619009872000,53$64@1619009952000,53$63@1619009992000,53$62@1619010011000,52$61@1619010032000,52$60@1619010051000,51$59@1619010072000,51$58@1619010130000,50$57@1619010171000,50$56@1619010190000,49$55@1619010230000,48$54@1619010250000,48$53@1619010290000,47$53@1619010309000,47$52@1619010330000,47$51@1619010349000,46$50@1619010389000,45$48@1619010466000,44$48@1619010475000,43$48@1619010708000,42$48@1619010746000,41$48@1619010767000,40$48@1619010845000,38$48@1619010885000,37$48@1619010945000,36$48@1619010965000,35$48@1619011005000,34$48@1619011044000,33$48@1619011065000,32$48@1619011105000,31$48@1619011124000,30$48@1619011143000,29$48@1619011223000,28$48@1619011452000,29$48@1619011502000
20000005,29$48@1619011502000,30$48@1619012068000
20000005,30$48@1619012068000,31$48@1619012355000,32$48@1619012395000,33$48@1619012414000,34$48@1619012454000,35$48@1619012475000,36$48@1619012494000,37$48@1619012574000,38$48@1619012593000,39$48@1619012633000,40$48@1619012652000,41$48@1619012673000,42$48@1619012808000,43$48@1619012832000,44$48@1619013030000,45$49@1619013050000,46$50@1619013090000,46$51@1619013210000,47$52@1619013229000,47$53@1619013248000,48$53@1619013260000,48$54@1619013288000,49$55@1619013347000,49$56@1619013368000,50$56@1619013387000,50$57@1619013408000,51$58@1619013427000,51$59@1619013447000,51$60@1619013507000,52$60@1619013527000,52$61@1619013546000,52$62@1619013558000,53$62@1619013567000,53$64@1619013607000,54$65@1619013685000,55$68@1619013744000,55$69@1619013765000,56$70@1619013784000,56$71@1619013805000,55$73@1619013845000,55$74@1619013864000,54$74@1619013884000,54$75@1619013924000,54$76@1619013933000,53$77@1619013964000,52$79@1619014004000,51$79@1619014023000,51$80@1619014044000,51$81@1619014063000,51$82@1619014103000,50$82@1619014122000,50$83@1619014143000,49$84@1619014161000,49$85@1619014181000,48$85@1619014202000,47$86@1619014242000,46$86@1619014268000,46$87@1619014274000,45$88@1619014321000,44$88@1619014404000,44$89@1619014427000,43$89@1619014442000,43$90@1619014501000,42$90@1619014520000,41$91@1619014540000,40$92@1619014580000,39$92@1619014599000,38$92@1619014631000,37$92@1619014679000,36$93@1619014718000,35$93@1619014758000,34$93@1619014878000,33$93@1619014916000,32$93@1619014956000,31$93@1619014977000,30$93@1619015016000,30$96@1619015235000,30$97@1619015294000,30$98@1619015315000,31$99@1619015373000,31$100@1619015414000,31$101@1619015472000,30$101@1619015473000,30$102@1619015505000,30$103@1619015513000,31$103@1619015592000,31$102@1619015677000
20000005,31$102@1619015677000,31$103@1619016187000
20000005,31$103@1619016187000,31$104@1619016568000,30$104@1619016644000,30$103@1619016685000,30$102@1619016721000,31$101@1619016745000,31$100@1619016764000,32$100@1619016965000,32$99@1619016992000,32$98@1619017002000,32$97@1619017023000,32$96@1619017082000,32$95@1619017122000,31$95@1619017162000,31$94@1619017181000,31$93@1619017200000,32$93@1619017285000,33$93@1619017340000,34$93@1619017380000,35$93@1619017461000,36$93@1619017500000,37$93@1619017513000,37$92@1619017521000,38$92@1619017541000,39$92@1619017562000,40$92@1619017582000,41$91@1619017602000,42$91@1619017622000,43$90@1619017642000,43$89@1619017662000,44$89@1619017679000,44$88@1619017689000,45$88@1619017720000,46$87@1619017741000,46$86@1619017760000,47$86@1619017779000,48$85@1619017821000,49$85@1619017840000,49$84@1619017860000,50$84@1619017880000,50$83@1619017900000,50$82@1619017940000,51$81@1619017960000,53$77@1619018097000,54$74@1619018177000,55$74@1619018221000,55$73@1619018253000,55$72@1619018277000,56$71@1619018297000,56$70@1619018316000,56$69@1619018326000,55$68@1619018357000,55$67@1619018377000,54$66@1619018396000,54$65@1619018416000,54$64@1619018445000,53$64@1619018515000,53$63@1619018536000,53$62@1619018551000,52$61@1619018574000,51$60@1619018615000,51$59@1619018635000,51$58@1619018662000,51$57@1619018694000,50$57@1619018709000,50$56@1619018734000,49$55@1619018753000,48$54@1619018774000,48$53@1619018838000,47$52@1619018873000,47$51@1619018893000,46$50@1619018913000,45$49@1619019011000,45$48@1619019025000,44$48@1619019044000,43$48@1619019250000,42$48@1619019290000,41$48@1619019310000,40$48@1619019389000,39$48@1619019409000,38$48@1619019429000,37$48@1619019489000,36$48@1619019509000,34$48@1619019568000,33$48@1619019608000,32$48@1619019648000,31$48@1619019668000,30$48@1619019687000,29$48@1619019886000
20000005,29$48@1619019886000,28$48@1619020221000,29$48@1619020251000,30$48@1619020501000,31$48@1619020541000,32$48@1619020560000,33$48@1619020581000,34$48@1619020620000,35$48@1619020646000,36$48@1619020679000,37$48@1619020740000,38$48@1619020760000,39$48@1619020799000,40$48@1619020819000,41$48@1619020838000,42$48@1619020899000,43$48@1619020917000
20000005,33$87@1619067625000
20000005,33$87@1619067625000,34$86@1619070226000,33$86@1619070264000,33$87@1619070286000,32$87@1619070306000,31$87@1619070322000,30$87@1619070346000,30$88@1619070407000,30$89@1619070433000,31$89@1619070445000,31$90@1619070465000,31$91@1619070485000,31$93@1619070505000,31$94@1619070525000,31$95@1619070545000,31$96@1619070565000,32$97@1619070584000,32$98@1619070604000,32$99@1619070624000,31$100@1619070644000,31$101@1619070704000,30$101@1619070724000,30$102@1619070743000,30$103@1619070761000,31$103@1619070783000,31$102@1619070818000,31$103@1619070902000
20000005,31$103@1619070902000,31$104@1619071121000,30$104@1619071137000,30$103@1619071200000,30$102@1619071238000,31$101@1619071260000,31$100@1619071328000,31$99@1619071359000
20000005,31$99@1619071359000,31$93@1619071637000,32$93@1619071697000,33$93@1619071736000,34$93@1619071756000,35$93@1619071836000,36$93@1619071875000,37$93@1619071895000,38$92@1619071915000,39$92@1619071975000,40$92@1619071995000,41$91@1619072034000,44$89@1619072094000,44$88@1619072114000,45$88@1619072173000,45$87@1619072193000,46$87@1619072213000,47$86@1619072253000,48$86@1619072274000,48$85@1619072292000,49$85@1619072312000,49$84@1619072332000,50$84@1619072343000,50$83@1619072358000,50$82@1619072392000,51$82@1619072412000,51$81@1619072436000,51$80@1619072471000,51$79@1619072491000,52$79@1619072496000,53$78@1619072531000,53$77@1619072551000,54$76@1619072590000,54$75@1619072608000,54$74@1619072670000,55$74@1619072692000,55$73@1619072710000,55$71@1619072749000,56$71@1619072762000,56$70@1619072781000,56$69@1619072789000,55$69@1619072809000,55$68@1619072829000,55$67@1619072848000,54$66@1619072868000,54$65@1619072908000,54$64@1619072926000,53$64@1619072968000,53$63@1619072988000,53$62@1619073007000,52$62@1619073019000,52$61@1619073027000,52$60@1619073067000,51$59@1619073087000,51$58@1619073116000,50$57@1619073161000,50$56@1619073186000,49$55@1619073206000,48$54@1619073226000,48$53@1619073266000,47$52@1619073305000,47$51@1619073317000,46$50@1619073345000,45$49@1619073405000,45$48@1619073429000,44$48@1619073438000,43$48@1619073464000
20000005,43$48@1619073464000,42$48@1619073643000
20000005,42$48@1619073643000,41$48@1619073802000,40$48@1619073861000,39$48@1619073881000,38$48@1619073901000,37$48@1619073961000,36$48@1619073981000,35$48@1619074020000,34$48@1619074040000,33$48@1619074060000,32$48@1619074120000,31$48@1619074140000,30$48@1619074211000
20000005,30$48@1619074211000,29$48@1619074418000
20000005,29$48@1619074418000,28$48@1619074656000,29$48@1619074696000
20000005,29$48@1619074696000,30$48@1619074974000
20000005,30$48@1619074974000,31$48@1619075104000,32$48@1619075133000,33$48@1619075152000,34$48@1619075212000,35$48@1619075232000,36$48@1619075252000,37$48@1619075272000,38$48@1619075291000,39$48@1619075331000,41$48@1619075371000,42$48@1619075450000,43$48@1619075470000,44$48@1619075569000,45$48@1619075589000,45$49@1619075602000,46$49@1619075629000,46$50@1619075649000
20000005,46$50@1619075649000,46$51@1619075788000,47$51@1619075808000,47$52@1619075828000,48$53@1619075847000,48$54@1619075867000
20000005,48$54@1619075867000,49$55@1619075986000,50$56@1619076026000,50$57@1619076048000,51$58@1619076066000,51$59@1619076085000,52$60@1619076165000,52$61@1619076185000,52$62@1619076205000,53$62@1619076225000,53$63@1619076245000,53$64@1619076264000,54$64@1619076304000,54$65@1619076307000,54$66@1619076342000,55$66@1619076384000,55$67@1619076404000,55$68@1619076423000,56$69@1619076443000,56$70@1619076463000,56$71@1619076478000,55$72@1619076503000,55$73@1619076523000,55$74@1619076543000,54$74@1619076561000,54$75@1619076622000,54$76@1619076642000,53$76@1619076662000,53$77@1619076673000,52$78@1619076701000,52$79@1619076721000,51$80@1619076741000,51$81@1619076781000,50$82@1619076860000,50$83@1619076880000,50$84@1619076900000,49$84@1619076920000,48$85@1619076938000,47$86@1619076960000,46$86@1619076999000,46$87@1619077019000,45$87@1619077039000,45$88@1619077057000,44$88@1619077138000,44$89@1619077207000,43$89@1619077277000
20000005,43$89@1619077277000,42$90@1619077396000,42$91@1619077436000,41$91@1619077456000,40$92@1619077476000,39$92@1619077496000,38$92@1619077541000,37$92@1619077575000,36$92@1619077615000,36$93@1619077635000,35$93@1619077667000,34$93@1619077708000,33$93@1619077758000,32$93@1619077806000,31$93@1619077853000
20000005,31$93@1619077853000,30$93@1619077972000
20000005,30$93@1619077972000,30$96@1619078131000
20000005,30$96@1619078131000,31$99@1619078231000,31$100@1619078309000,30$101@1619078388000,30$102@1619078407000,30$103@1619078427000,31$103@1619078469000,31$102@1619078555000
20000005,31$102@1619078555000,31$103@1619078687000
20000005,31$103@1619078687000,32$104@1619078946000,31$103@1619078975000,31$104@1619078999000,30$104@1619079044000,30$103@1619079104000,30$102@1619079124000,30$101@1619079164000,31$101@1619079184000,31$100@1619079224000,31$99@1619079236000,31$98@1619079263000
20000005,31$98@1619079263000,30$97@1619079363000,30$96@1619079422000,30$95@1619079500000,30$94@1619079561000,30$93@1619079581000,31$93@1619079641000
20000005,31$93@1619079641000,32$93@1619079820000,33$93@1619079839000,34$93@1619079872000,35$93@1619079951000,36$93@1619079998000,37$92@1619080018000,38$92@1619080038000,39$92@1619080078000,40$92@1619080098000,41$91@1619080117000,42$91@1619080137000,42$90@1619080157000,43$89@1619080177000,44$89@1619080197000,44$88@1619080217000,45$88@1619080252000,45$87@1619080336000,46$87@1619080356000,47$86@1619080374000,48$85@1619080434000,49$84@1619080455000,50$84@1619080475000,50$83@1619080495000,50$82@1619080534000,51$81@1619080547000,51$80@1619080614000,51$79@1619080634000,52$78@1619080654000,53$77@1619080674000,53$76@1619080694000,54$76@1619080713000,54$75@1619080722000,54$74@1619080753000,55$74@1619080784000,55$73@1619080813000,55$72@1619080833000,55$71@1619080845000,56$71@1619080852000,56$70@1619080869000,55$69@1619080892000,55$68@1619080912000,55$67@1619080932000,54$66@1619080952000,54$65@1619080972000,54$64@1619081008000,53$64@1619081071000,53$63@1619081091000,52$62@1619081111000,52$61@1619081130000,52$60@1619081143000,51$60@1619081170000,51$59@1619081189000,51$58@1619081230000,50$57@1619081269000,50$56@1619081289000,49$55@1619081309000,48$54@1619081329000,48$53@1619081349000,47$51@1619081408000,46$50@1619081428000,46$49@1619081513000,45$49@1619081528000,45$48@1619081539000,44$48@1619081548000,43$48@1619081647000,42$48@1619081687000
20000005,42$48@1619081687000,41$48@1619081823000
20000005,41$48@1619081823000,40$48@1619081925000,39$48@1619081945000,38$48@1619081965000,37$48@1619081984000,36$48@1619082004000,35$48@1619082064000,34$48@1619082084000,33$48@1619082104000,32$48@1619082143000,31$48@1619082163000
20000005,31$48@1619082163000,30$48@1619082282000
20000005,30$48@1619082282000,29$48@1619082433000
20000005,29$48@1619082433000,28$48@1619082672000
20000005,28$48@1619082672000,29$48@1619082818000
20000005,29$48@1619082818000,30$48@1619083116000,31$48@1619083174000,32$48@1619083195000,33$48@1619083216000,34$48@1619083275000,35$48@1619083295000,36$48@1619083315000,37$48@1619083334000,38$48@1619083354000,39$48@1619083394000,40$48@1619083434000,41$48@1619083454000,42$48@1619083536000,43$48@1619083573000
20000005,43$48@1619083573000,44$48@1619083731000,45$49@1619083751000,46$50@1619083791000
20000005,46$50@1619083791000,46$51@1619083990000,47$51@1619084010000,47$52@1619084029000,48$53@1619084050000,48$54@1619084109000,49$55@1619084147000,50$56@1619084189000,50$57@1619084207000,51$58@1619084226000,51$59@1619084245000,51$60@1619084307000,52$61@1619084327000,53$64@1619084387000
20000005,53$64@1619084387000,54$64@1619084514000,54$65@1619084525000,54$66@1619084555000,55$67@1619084586000,55$68@1619084604000,56$69@1619084625000,56$70@1619084664000,56$71@1619084667000,55$71@1619084683000,55$72@1619084703000,55$73@1619084722000,55$74@1619084762000,54$74@1619084802000,54$75@1619084842000,54$76@1619084871000,53$76@1619084883000,53$77@1619084899000,52$78@1619084923000,52$79@1619084943000,51$80@1619084960000,51$81@1619085023000,50$82@1619085080000,50$83@1619085101000,50$84@1619085125000,49$85@1619085160000,48$85@1619085174000,47$85@1619085199000,47$86@1619085218000,46$86@1619085258000,46$87@1619085277000,45$88@1619085297000,44$88@1619085316000,44$89@1619085379000
20000005,44$89@1619085379000,43$89@1619085499000,42$90@1619085538000,42$91@1619085558000,41$91@1619085577000,40$91@1619085592000,40$92@1619085597000,39$92@1619085637000,38$92@1619085649000,37$92@1619085677000,36$93@1619085757000,35$93@1619085815000,34$93@1619085895000,33$93@1619085947000,32$93@1619085975000,31$93@1619086015000
20000005,31$93@1619086015000,30$93@1619086155000
20000005,30$93@1619086155000,30$94@1619086286000,30$96@1619086353000,30$98@1619086452000,31$99@1619086530000,31$100@1619086556000
20000005,31$100@1619086556000,31$101@1619086690000,30$101@1619086709000,30$102@1619086718000,30$103@1619086729000,31$103@1619086769000,31$102@1619086837000
20000005,31$102@1619086837000,31$103@1619088140000,31$104@1619088197000,30$104@1619088256000
20000005,30$104@1619088256000,30$103@1619088454000,30$102@1619088494000,30$101@1619088515000,31$101@1619088531000,31$100@1619088545000,31$99@1619088579000
20000005,31$99@1619088579000,31$98@1619088692000
20000005,31$98@1619088692000,30$93@1619088864000,31$93@1619088912000
20000005,31$93@1619088912000,32$93@1619089051000,33$93@1619089070000,34$93@1619089126000,35$93@1619089189000,37$93@1619089229000,38$92@1619089250000,39$92@1619089274000,40$92@1619089290000,41$91@1619089309000,42$91@1619089328000,42$90@1619089349000,43$89@1619089366000,44$89@1619089389000,45$88@1619089428000,45$87@1619089449000,46$87@1619089467000,47$86@1619089488000,48$85@1619089547000,49$84@1619089587000,50$84@1619089605000,50$83@1619089623000,50$82@1619089666000,51$81@1619089685000,51$79@1619089765000,52$79@1619089786000,52$78@1619089805000,53$77@1619089823000,54$75@1619089865000,55$74@1619089895000
20000005,55$74@1619089895000,56$69@1619090025000,55$68@1619090044000,55$67@1619090063000,54$66@1619090084000,54$65@1619090103000,54$64@1619090143000,53$64@1619090162000,53$63@1619090183000,53$62@1619090202000,52$62@1619090223000,52$61@1619090242000,52$60@1619090261000
20000005,52$60@1619090261000,50$56@1619090399000,49$56@1619090422000,49$55@1619090441000,48$54@1619090476000,48$53@1619090559000,47$52@1619090599000,46$51@1619090620000,46$50@1619090639000,45$49@1619090679000,45$48@1619090703000,44$48@1619090719000,43$48@1619090759000,42$48@1619090778000
20000005,42$48@1619090778000,41$48@1619090998000,40$48@1619091057000,39$48@1619091097000,38$48@1619091116000,37$48@1619091156000,36$48@1619091175000,34$48@1619091235000,33$48@1619091256000,32$48@1619091296000,31$48@1619091315000
20000005,31$48@1619091315000,30$48@1619091494000,29$48@1619091593000
20000005,29$48@1619091593000,28$48@1619091792000,29$48@1619091891000
20000005,29$48@1619091891000,30$48@1619092248000,31$48@1619092328000,32$48@1619092347000,33$48@1619092367000,34$48@1619092427000,35$48@1619092467000,36$48@1619092487000,37$48@1619092567000,38$48@1619092586000,39$48@1619092626000,40$48@1619092645000,41$48@1619092666000,43$48@1619092744000
20000005,43$48@1619092744000,44$48@1619092884000,45$49@1619092909000,46$50@1619092943000,46$51@1619093036000,47$52@1619093063000,47$53@1619093082000,48$53@1619093103000,48$54@1619093113000,49$54@1619093181000,49$55@1619093202000,50$56@1619093221000,50$57@1619093241000,51$58@1619093261000,51$59@1619093281000,51$60@1619093359000,52$62@1619093401000,53$63@1619093420000,53$64@1619093437000,54$64@1619093500000,54$65@1619093519000,54$66@1619093531000,55$67@1619093578000,55$68@1619093618000,55$69@1619093625000,56$70@1619093639000,55$71@1619093665000,55$73@1619093699000,55$74@1619093718000,54$74@1619093729000,54$75@1619093777000,54$76@1619093785000,53$77@1619093817000,52$78@1619093838000,52$79@1619093857000,51$80@1619093876000,51$81@1619093895000,51$82@1619093937000,50$82@1619093956000,50$83@1619093971000,50$84@1619093996000,49$84@1619094015000,48$85@1619094036000,47$86@1619094075000,46$87@1619094115000,45$87@1619094155000,45$88@1619094174000,44$88@1619094243000,44$89@1619094269000,44$88@1619094295000,44$89@1619094296000,43$89@1619094312000,42$90@1619094344000,41$91@1619094374000,38$92@1619094433000,37$92@1619094493000,36$93@1619094533000,35$93@1619094616000
20000005,35$93@1619094616000,34$93@1619094769000,33$93@1619094809000,32$93@1619094829000,31$93@1619094849000
20000005,31$93@1619094849000,30$93@1619094968000
20000005,30$93@1619094968000,30$98@1619095258000,30$99@1619095287000,31$99@1619095301000,31$100@1619095327000,30$101@1619095346000,30$102@1619095357000,30$103@1619095367000,31$103@1619095416000,31$102@1619095463000,31$103@1619095543000
20000005,31$103@1619095543000,31$104@1619095726000,30$104@1619095743000,30$103@1619095823000,30$102@1619095845000,30$101@1619095871000
20000005,30$101@1619095871000,31$101@1619095998000
20000005,31$101@1619095998000,31$100@1619096129000,31$99@1619096156000,31$98@1619096238000
20000005,31$98@1619096238000,31$93@1619096439000,32$93@1619096459000,33$93@1619096499000,34$93@1619096547000,35$93@1619096615000,37$93@1619096657000,38$92@1619096676000,40$92@1619096737000,41$91@1619096756000,42$90@1619096814000,43$89@1619096837000,44$89@1619096856000,45$88@1619096872000,45$87@1619096934000,46$87@1619096955000,47$86@1619096974000,48$85@1619097010000,49$84@1619097054000,50$84@1619097069000,50$83@1619097085000,51$82@1619097134000,51$81@1619097154000,51$80@1619097213000,52$79@1619097234000,52$78@1619097253000,53$77@1619097274000,54$76@1619097312000,54$75@1619097315000,54$74@1619097392000,55$74@1619097411000,55$73@1619097451000,55$72@1619097472000,55$71@1619097479000,56$71@1619097491000,56$70@1619097493000,56$69@1619097510000,54$66@1619097589000,54$65@1619097610000,54$64@1619097631000,53$63@1619097671000,53$62@1619097688000,52$62@1619097709000,52$61@1619097728000,52$60@1619097749000,51$59@1619097768000,51$58@1619097797000,50$57@1619097847000,50$56@1619097869000,49$55@1619097888000,48$54@1619097909000,48$53@1619097975000,47$52@1619098008000,46$51@1619098047000,46$50@1619098068000,45$49@1619098127000,45$48@1619098135000,44$48@1619098144000,43$48@1619098185000,42$48@1619098207000,41$48@1619098245000
20000005,41$48@1619098245000,40$48@1619098345000,38$48@1619098366000,37$48@1619098425000,36$48@1619098444000,35$48@1619098481000,34$48@1619098505000,33$48@1619098524000,32$48@1619098564000,31$48@1619098583000
20000005,31$48@1619098583000,30$48@1619098743000
20000005,30$48@1619098743000,29$48@1619099001000
20000005,29$48@1619099001000,28$48@1619099291000
20000005,28$48@1619099291000,29$48@1619099398000
20000005,29$48@1619099398000,30$48@1619099616000,31$48@1619099656000,32$48@1619099676000,33$48@1619099696000,34$48@1619099755000,35$48@1619099795000,36$48@1619099813000,37$48@1619099854000,38$48@1619099875000,39$48@1619099913000,40$48@1619099934000,41$48@1619099962000,42$48@1619099994000,43$48@1619100013000
20000005,43$48@1619100013000,44$48@1619100490000,45$48@1619100512000,45$49@1619100520000,46$50@1619100549000,46$51@1619100629000,47$52@1619100647000,48$53@1619100669000,48$54@1619100709000,49$55@1619100748000,50$56@1619100769000,50$57@1619100788000,51$58@1619100828000,51$59@1619100881000,52$60@1619100927000,52$61@1619100946000,52$62@1619100965000,53$63@1619100986000,53$64@1619101007000,54$64@1619101028000,54$65@1619101033000,54$66@1619101066000,55$67@1619101085000,55$68@1619101106000,56$69@1619101124000,55$72@1619101205000,54$74@1619101284000,54$75@1619101306000,54$76@1619101335000,53$77@1619101364000,52$78@1619101404000,51$79@1619101423000,51$80@1619101431000,51$81@1619101463000,50$82@1619101523000,50$83@1619101543000,49$84@1619101571000,48$85@1619101602000,47$86@1619101643000,46$87@1619101681000,45$87@1619101721000,45$88@1619101734000,44$88@1619101780000,44$89@1619101821000,44$88@1619101865000,44$89@1619101878000,43$89@1619101957000,42$90@1619102019000,40$92@1619102059000,39$92@1619102097000,38$92@1619102118000,37$92@1619102158000,36$93@1619102177000,35$93@1619102198000,34$93@1619102257000
20000005,34$93@1619102257000,33$93@1619102377000,32$93@1619102413000,31$93@1619102433000
20000005,31$93@1619102433000,30$93@1619102614000
20000005,30$93@1619102614000,30$94@1619102720000,30$96@1619102814000
20000005,30$96@1619102814000,30$97@1619102914000,30$98@1619102973000,31$99@1619103072000,31$100@1619103112000,31$101@1619103117000,30$101@1619103131000,30$102@1619103149000,30$103@1619103159000,31$103@1619103211000,31$102@1619103268000,31$103@1619103293000
20000005,31$103@1619103293000,31$104@1619103523000,30$104@1619103570000,30$103@1619103647000,30$102@1619103668000,30$101@1619103687000,31$101@1619103708000,31$100@1619103747000,31$99@1619103758000,31$98@1619103821000,30$98@1619103827000
20000005,30$98@1619103827000,30$94@1619104006000,30$93@1619104017000,31$93@1619104046000,32$93@1619104145000,33$93@1619104204000,34$93@1619104224000,35$93@1619104304000,36$93@1619104321000,37$93@1619104344000,38$92@1619104361000,39$92@1619104381000,40$92@1619104403000,41$91@1619104422000,42$90@1619104443000,43$90@1619104462000,43$89@1619104483000,44$89@1619104502000,44$88@1619104521000,45$88@1619104605000,45$87@1619104641000,46$87@1619104660000,47$86@1619104681000,49$85@1619104760000,49$84@1619104781000,50$84@1619104789000,50$83@1619104800000,50$82@1619104840000,51$81@1619104859000,51$80@1619104918000,53$77@1619104979000,54$76@1619105019000,54$75@1619105024000,54$74@1619105050000,55$74@1619105088000,55$73@1619105119000,55$72@1619105138000,55$71@1619105157000,56$69@1619105194000
20000005,56$69@1619105194000,54$65@1619105315000,54$64@1619105336000,53$64@1619105362000,53$63@1619105395000,53$62@1619105416000,52$61@1619105434000,52$60@1619105475000,51$59@1619105495000,51$58@1619105586000,50$57@1619105634000,50$56@1619105652000,49$55@1619105674000,48$54@1619105711000
20000005,48$54@1619105711000,47$52@1619105812000,46$50@1619105873000,45$49@1619105913000,45$48@1619105930000,44$48@1619105940000,42$48@1619105991000
20000005,42$48@1619105991000,41$48@1619106111000,40$48@1619106190000,38$48@1619106210000,37$48@1619106270000,36$48@1619106289000,34$48@1619106348000,33$48@1619106369000,32$48@1619106428000,31$48@1619106449000,30$48@1619106468000
20000005,30$48@1619106468000,29$48@1619106985000
20000005,29$48@1619106985000,28$48@1619107341000,29$48@1619107383000
20000005,29$48@1619107383000,30$48@1619107782000,31$48@1619107822000,32$48@1619107841000,33$48@1619107881000,34$48@1619107959000,35$48@1619107980000,36$48@1619107999000,37$48@1619108058000,38$48@1619108079000,39$48@1619108157000,40$48@1619108177000,41$48@1619108196000
20000005,41$48@1619108196000,42$48@1619108316000,43$48@1619108354000
20000005,43$48@1619108354000,44$48@1619108474000,45$48@1619108510000,45$49@1619108514000,46$50@1619108554000,47$51@1619108633000,47$52@1619108654000,48$53@1619108673000,48$54@1619108684000,49$55@1619108753000,50$56@1619108772000,50$57@1619108791000,51$58@1619108810000,51$59@1619108830000
20000005,51$59@1619108830000,52$60@1619108931000,52$61@1619108951000,52$62@1619108971000,53$63@1619108990000,53$64@1619109011000,54$65@1619109070000,54$66@1619109091000,55$67@1619109150000,55$68@1619109169000,55$69@1619109190000,56$69@1619109198000,56$70@1619109209000,56$71@1619109228000,55$72@1619109249000
20000005,55$72@1619109249000,52$79@1619109467000,51$80@1619109485000,51$81@1619109507000,50$82@1619109606000,50$83@1619109625000,50$84@1619109646000,48$85@1619109686000,47$86@1619109726000,46$87@1619109765000,45$87@1619109805000,45$88@1619109824000,44$88@1619109845000,44$89@1619109944000,43$89@1619110025000,43$90@1619110046000,42$90@1619110048000,41$91@1619110105000,40$92@1619110127000,39$92@1619110157000,38$92@1619110185000,37$92@1619110223000,36$93@1619110283000,35$93@1619110322000,34$93@1619110398000,33$93@1619110421000,32$93@1619110494000,31$93@1619110514000
20000005,31$93@1619110514000,30$93@1619110663000
20000005,30$93@1619110663000,30$95@1619110840000,30$96@1619110881000,30$97@1619110918000,30$98@1619111000000,30$99@1619111039000,31$99@1619111060000,31$100@1619111078000,30$101@1619111099000,30$102@1619111159000,30$103@1619111173000,31$103@1619111206000
20000005,31$103@1619111206000,31$102@1619111670000,31$103@1619111719000,31$102@1619111724000,31$103@1619111735000
20000005,31$103@1619111735000,31$104@1619112133000,30$104@1619112193000
20000005,30$104@1619112193000,30$103@1619112330000,30$102@1619112372000,30$101@1619112391000,31$101@1619112411000,31$100@1619112414000
20000005,33$87@1619247532000
20000005,33$87@1619247532000,34$86@1619256742000,33$86@1619256789000,33$87@1619256828000,32$87@1619256861000,31$87@1619256901000,30$87@1619256941000,29$87@1619256981000,29$88@1619257013000,29$89@1619257060000,29$90@1619257079000,30$91@1619257100000,30$92@1619257159000,30$93@1619257199000,30$95@1619257259000,30$96@1619257358000
20000005,30$96@1619257358000,31$98@1619257517000,31$99@1619257569000,31$100@1619257615000,31$101@1619257636000,30$102@1619257656000,30$103@1619257676000,31$103@1619257721000,31$102@1619257752000,31$103@1619257775000,31$104@1619257815000,30$104@1619257834000,31$104@1619257868000,31$103@1619257894000,31$102@1619257934000,31$103@1619258051000
20000005,31$103@1619258051000,31$104@1619258473000
20000005,31$104@1619258473000,31$101@1619258788000,31$100@1619258907000,31$99@1619258927000,31$98@1619258947000
20000005,31$98@1619258947000,31$93@1619259384000,32$93@1619259443000,33$93@1619259471000,34$93@1619259523000,35$93@1619259622000,36$93@1619259642000,37$93@1619259661000,37$92@1619259681000,39$92@1619259702000,40$92@1619259741000,41$91@1619259761000,42$90@1619259780000,43$90@1619259800000,43$89@1619259819000,44$89@1619259826000,44$88@1619259841000,45$88@1619259960000,46$87@1619260000000,46$86@1619260019000,47$86@1619260037000,49$85@1619260099000,50$84@1619260119000,50$83@1619260129000,50$82@1619260178000,51$81@1619260198000,51$80@1619260258000,51$79@1619260276000,52$79@1619260297000,52$78@1619260317000,53$77@1619260337000,54$76@1619260357000,54$75@1619260377000,54$74@1619260393000,55$74@1619260406000,55$73@1619260428000,55$72@1619260456000,56$71@1619260476000,56$70@1619260495000,56$69@1619260507000,55$68@1619260535000,55$67@1619260555000,54$66@1619260576000,54$65@1619260634000,54$64@1619260655000,53$64@1619260674000,53$63@1619260694000,53$62@1619260713000,52$61@1619260734000,52$60@1619260774000,51$59@1619260794000,51$58@1619260873000,50$57@1619260913000,50$56@1619260933000,49$55@1619260953000,48$54@1619260973000,48$53@1619261020000,47$52@1619261072000,46$51@1619261091000,46$50@1619261111000,46$49@1619261152000,45$49@1619261171000,45$48@1619261180000,44$48@1619261208000,43$48@1619261271000,42$48@1619261370000,41$48@1619261390000,40$48@1619261469000,39$48@1619261489000,38$48@1619261529000,37$48@1619261549000,36$48@1619261569000,35$48@1619261608000,34$48@1619261628000,33$48@1619261668000,32$48@1619261708000,31$48@1619261728000,30$48@1619261847000
20000005,30$48@1619261847000,29$48@1619261986000
20000005,29$48@1619261986000,28$48@1619262149000,29$48@1619262264000
20000005,29$48@1619262264000,30$48@1619262740000
20000005,30$48@1619262740000,31$48@1619262939000,32$48@1619262959000,33$48@1619262979000,34$48@1619263078000,35$48@1619263098000,36$48@1619263137000,37$48@1619263197000,38$48@1619263217000,40$48@1619263257000,41$48@1619263277000,42$48@1619263356000,43$48@1619263396000,44$48@1619263436000,45$48@1619263469000,45$49@1619263474000,46$50@1619263515000,46$51@1619263555000,47$52@1619263575000,48$53@1619263594000,48$54@1619263640000,49$54@1619263674000,49$55@1619263694000,50$56@1619263714000,50$57@1619263734000,51$58@1619263752000,51$59@1619263792000,52$60@1619263832000,52$61@1619263853000,52$62@1619263873000,53$62@1619263883000,53$63@1619263892000,53$64@1619263925000,54$64@1619263992000,54$65@1619264011000,54$66@1619264031000,55$67@1619264051000,55$69@1619264091000,56$69@1619264097000,56$70@1619264131000,55$71@1619264151000,55$72@1619264171000,55$73@1619264181000,54$74@1619264210000,54$75@1619264248000,54$76@1619264270000,53$77@1619264302000,52$78@1619264329000,52$79@1619264349000,51$80@1619264369000,51$81@1619264389000,50$82@1619264449000,50$83@1619264467000,50$84@1619264488000,49$84@1619264508000,48$85@1619264528000,47$85@1619264561000,47$86@1619264566000,46$87@1619264610000,45$88@1619264647000,44$88@1619264667000,43$89@1619264698000,43$90@1619264707000,42$90@1619264727000,41$91@1619264746000,40$92@1619264766000,39$92@1619264806000,38$92@1619264826000,37$92@1619264846000,36$93@1619264886000,35$93@1619264945000,34$93@1619264985000,33$93@1619265104000,32$93@1619265122000,31$93@1619265142000,30$93@1619265183000,30$94@1619265310000,30$95@1619265333000,30$96@1619265361000,30$97@1619265461000,30$98@1619265521000,31$99@1619265561000,31$100@1619265581000,30$101@1619265700000,30$102@1619265720000,30$103@1619265739000
20000005,30$103@1619265739000,31$103@1619265907000,31$102@1619265969000,31$103@1619266070000
20000005,31$103@1619266070000,30$103@1619266296000,31$103@1619266319000,31$104@1619266403000,30$104@1619266432000,30$103@1619266514000
20000005,30$103@1619266514000,30$102@1619266756000,30$101@1619266792000,31$101@1619266812000,31$100@1619266931000,31$99@1619266953000,31$98@1619267026000
20000005,31$98@1619267026000,30$93@1619267275000,31$93@1619267327000,32$93@1619267447000,33$93@1619267497000,34$93@1619267527000,35$93@1619267567000,36$93@1619267606000,37$93@1619267618000,38$92@1619267646000,39$92@1619267665000,40$92@1619267685000,41$91@1619267702000,42$90@1619267725000,43$90@1619267745000,43$89@1619267765000,44$89@1619267783000,44$88@1619267795000,45$88@1619267800000,46$87@1619267845000,47$86@1619267884000,48$85@1619267924000,49$84@1619267964000,50$84@1619267983000,50$83@1619268004000,50$82@1619268023000,51$81@1619268043000,51$80@1619268083000,51$79@1619268109000,52$79@1619268122000,52$78@1619268143000,53$77@1619268162000,53$76@1619268183000,54$76@1619268201000,54$75@1619268221000,54$74@1619268241000,55$74@1619268244000,55$73@1619268262000,55$72@1619268282000,55$71@1619268301000,56$70@1619268316000,56$69@1619268337000,55$68@1619268360000,55$67@1619268380000,54$66@1619268401000,54$65@1619268419000,54$64@1619268439000,53$64@1619268480000,53$63@1619268540000,52$62@1619268560000,52$61@1619268580000,52$60@1619268598000,51$59@1619268619000,51$58@1619268640000,50$57@1619268678000,50$56@1619268699000,49$55@1619268709000,48$54@1619268738000,48$53@1619268756000,47$52@1619268797000,46$51@1619268817000,46$50@1619268838000,46$49@1619268917000,45$49@1619268936000,45$48@1619268943000,44$48@1619268952000,43$48@1619268977000
20000005,43$48@1619268977000,42$48@1619269255000,41$48@1619269275000,40$48@1619269394000,39$48@1619269414000,38$48@1619269433000,37$48@1619269493000,36$48@1619269513000,35$48@1619269553000,34$48@1619269571000,33$48@1619269592000,32$48@1619269632000,31$48@1619269672000
20000005,31$48@1619269672000,30$48@1619269869000,29$48@1619269934000
20000005,29$48@1619269934000,28$48@1619270443000,29$48@1619270473000
20000005,29$48@1619270473000,30$48@1619270780000,31$48@1619270858000,32$48@1619270879000,33$48@1619270898000,34$48@1619270938000,35$48@1619270958000,36$48@1619270979000,38$48@1619271057000,39$48@1619271092000,40$48@1619271118000,41$48@1619271135000,42$48@1619271175000,43$48@1619271196000
20000005,43$48@1619271196000,44$48@1619271356000,45$48@1619271390000,45$49@1619271395000,46$50@1619271435000,46$51@1619271534000,47$52@1619271555000,48$53@1619271574000,48$54@1619271592000,49$54@1619271633000,49$55@1619271654000,50$56@1619271673000,51$59@1619271737000,52$60@1619271832000,52$62@1619271853000,53$63@1619271872000,53$64@1619271896000,54$64@1619271952000,54$65@1619271969000,54$66@1619271992000,55$67@1619272009000,55$69@1619272030000,56$69@1619272037000,56$70@1619272051000,56$71@1619272064000,55$71@1619272080000,55$72@1619272091000,55$73@1619272110000,54$74@1619272130000,54$75@1619272170000,54$76@1619272184000,53$76@1619272210000,53$78@1619272229000,52$79@1619272250000,51$80@1619272266000,51$81@1619272290000,50$82@1619272368000,50$83@1619272389000,49$84@1619272407000,48$85@1619272427000,47$86@1619272467000,46$87@1619272522000,45$88@1619272547000,44$88@1619272567000,43$89@1619272591000,43$90@1619272606000,42$90@1619272628000,41$91@1619272649000,40$92@1619272687000,39$92@1619272707000,38$92@1619272726000,37$92@1619272747000,36$93@1619272783000,35$93@1619272806000,34$93@1619272904000,33$93@1619272943000,32$93@1619272983000,31$93@1619273004000
20000005,31$93@1619273004000,30$93@1619273143000
20000005,30$93@1619273143000,30$94@1619273291000
20000005,30$94@1619273291000,30$97@1619273510000,30$98@1619273540000,30$99@1619273600000,31$99@1619273640000,31$100@1619273680000,31$101@1619273697000,30$102@1619273720000,30$103@1619273739000,31$103@1619273774000
20000005,31$103@1619273774000,31$102@1619275250000,31$103@1619275328000
20000005,31$103@1619275328000,31$104@1619275584000,30$104@1619275610000,30$103@1619275686000,30$102@1619275705000,31$101@1619275724000,31$100@1619275745000,31$99@1619275780000
20000005,31$99@1619275780000,30$94@1619276098000,30$93@1619276142000,31$93@1619276182000,32$93@1619276256000,33$93@1619276281000,34$93@1619276321000,35$93@1619276374000,36$93@1619276420000,37$92@1619276459000,39$92@1619276499000,41$91@1619276537000,42$91@1619276558000,43$90@1619276598000,44$89@1619276619000,44$88@1619276638000,45$88@1619276678000,46$87@1619276697000,47$86@1619276737000,48$85@1619276777000,49$84@1619276797000,50$84@1619276817000,50$83@1619276838000,50$82@1619276877000,51$82@1619276896000,51$81@1619276917000,51$80@1619276957000,51$79@1619276976000,52$79@1619276979000,53$78@1619277016000,53$77@1619277035000,54$76@1619277056000,54$75@1619277074000,54$74@1619277120000,55$74@1619277134000,55$73@1619277174000,55$71@1619277214000,56$70@1619277250000,56$69@1619277258000,55$68@1619277294000,55$67@1619277314000,54$66@1619277333000,54$65@1619277373000,54$64@1619277394000,53$64@1619277423000,53$63@1619277453000,53$62@1619277472000,52$62@1619277493000,52$60@1619277531000,51$59@1619277552000,51$58@1619277571000,50$57@1619277611000,49$55@1619277671000,48$54@1619277691000,48$53@1619277770000,47$52@1619277810000,47$51@1619277827000,46$50@1619277850000
20000005,46$50@1619277850000,45$49@1619277989000,45$48@1619278008000,44$48@1619278023000
20000005,44$48@1619278023000,43$48@1619278188000,42$48@1619278207000
20000005,42$48@1619278207000,41$47@1619278386000,40$48@1619278426000,38$48@1619278466000,37$48@1619278526000,36$48@1619278545000,35$48@1619278567000,34$48@1619278604000,33$48@1619278625000,32$48@1619278665000,31$48@1619278684000
20000005,31$48@1619278684000,30$48@1619278823000,29$48@1619278863000
20000005,29$48@1619278863000,28$48@1619279100000,29$48@1619279180000
20000005,29$48@1619279180000,30$48@1619279657000,31$48@1619279697000,32$48@1619279717000,33$48@1619279737000,34$48@1619279856000,35$48@1619279875000,36$48@1619279896000,37$48@1619279936000,38$48@1619279974000,39$48@1619280014000,40$48@1619280035000,41$48@1619280054000,42$48@1619280134000,43$48@1619280149000,44$48@1619280213000,45$49@1619280226000,46$50@1619280253000
20000005,46$50@1619280253000,47$51@1619280392000,47$52@1619280411000,48$53@1619280432000,48$54@1619280463000,49$55@1619280491000,50$56@1619280532000,50$57@1619280551000,51$58@1619280571000,51$59@1619280594000,52$60@1619280671000,52$61@1619280690000,53$62@1619280709000,53$63@1619280730000,53$64@1619280749000,54$65@1619280829000,54$66@1619280869000,55$67@1619280879000,55$68@1619280908000,55$69@1619280919000,56$69@1619280924000,56$70@1619280943000,56$71@1619280956000,55$72@1619280988000,54$74@1619281023000,54$75@1619281041000,54$74@1619281043000,54$75@1619281045000,54$76@1619281068000,53$77@1619281095000,52$78@1619281127000,52$79@1619281146000,51$80@1619281162000,51$81@1619281186000,50$82@1619281306000,50$83@1619281330000,49$84@1619281365000,48$85@1619281401000,47$86@1619281425000,46$87@1619281465000,45$87@1619281484000,45$88@1619281505000,44$88@1619281543000,44$89@1619281646000,43$89@1619281725000,42$90@1619281764000,41$91@1619281783000,40$92@1619281813000,39$92@1619281843000,38$92@1619281881000,37$92@1619281921000,36$93@1619281961000,35$93@1619281988000,34$93@1619282060000,33$93@1619282141000,32$93@1619282200000,31$93@1619282219000,30$93@1619282259000,30$94@1619282373000,30$95@1619282458000,30$96@1619282477000,30$97@1619282576000,30$98@1619282597000,31$99@1619282616000,31$100@1619282637000,30$101@1619282696000,30$102@1619282736000,30$103@1619282754000,31$103@1619282794000,31$102@1619282834000,31$103@1619282855000,31$104@1619282890000,30$104@1619282907000,31$104@1619282914000,30$104@1619282922000,31$104@1619282954000,31$103@1619282980000
20000005,31$103@1619282980000,31$102@1619283642000,31$103@1619283691000,31$104@1619283731000,30$104@1619283756000,30$103@1619283831000,30$102@1619283875000
20000005,30$102@1619283875000,30$101@1619284011000,31$101@1619284031000,31$100@1619284047000
20000005,33$87@1619324256000,34$86@1619324310000,33$86@1619324347000,33$87@1619324369000,32$87@1619324390000,31$87@1619324409000,30$87@1619324430000,29$88@1619324469000,29$89@1619324509000,29$90@1619324589000,29$91@1619324619000,30$92@1619324668000,30$93@1619324708000
20000005,30$93@1619324708000,31$100@1619324986000,31$101@1619325006000,30$102@1619325026000,30$103@1619325046000,31$103@1619325073000,31$102@1619325095000,31$103@1619325121000
20000005,31$103@1619325121000,31$104@1619325344000,30$104@1619325360000,30$103@1619325423000,30$102@1619325443000,30$101@1619325463000,31$101@1619325483000,31$100@1619325489000,32$100@1619325517000,32$99@1619325542000,32$98@1619325555000,32$97@1619325576000,32$96@1619325602000,32$95@1619325622000,31$94@1619325642000,31$93@1619325661000,32$93@1619325687000,33$93@1619325721000,34$93@1619325741000
20000005,34$93@1619325741000,35$93@1619325979000,36$93@1619325999000,37$93@1619326019000,38$92@1619326039000,40$92@1619326098000,41$92@1619326118000,42$91@1619326138000,43$90@1619326158000,43$89@1619326178000,44$89@1619326186000,44$88@1619326217000
20000005,44$88@1619326217000,45$87@1619326337000,46$87@1619326356000,47$86@1619326381000,48$85@1619326436000,49$84@1619326456000,50$84@1619326476000,50$83@1619326494000,50$82@1619326535000,51$81@1619326555000,51$80@1619326615000,51$79@1619326634000,52$79@1619326654000,52$78@1619326674000,53$77@1619326694000,54$76@1619326734000,54$75@1619326749000,54$74@1619326774000,55$74@1619326802000,55$72@1619326833000,55$71@1619326853000,56$70@1619326873000,56$69@1619326893000,55$68@1619326913000,55$67@1619326932000,54$65@1619326972000,54$64@1619326992000,53$64@1619327032000,53$63@1619327071000,53$62@1619327091000,52$61@1619327111000,52$60@1619327131000,51$59@1619327151000,51$58@1619327207000,50$57@1619327248000,50$56@1619327270000,49$56@1619327280000,49$55@1619327290000,48$54@1619327310000,48$53@1619327335000,47$52@1619327369000,47$51@1619327389000,46$51@1619327409000,46$50@1619327429000,45$49@1619327469000,45$48@1619327480000,44$48@1619327489000,43$48@1619327528000,42$48@1619327548000,41$48@1619327568000,40$48@1619327608000,39$48@1619327628000,38$48@1619327647000,37$48@1619327667000,36$48@1619327707000,35$48@1619327727000,34$48@1619327767000,33$48@1619327786000,32$48@1619327806000,31$48@1619327826000,30$48@1619327846000
20000005,30$48@1619327846000,29$48@1619328323000
20000005,29$48@1619328323000,28$48@1619328616000
20000005,28$48@1619328616000,29$48@1619328859000
20000005,29$48@1619328859000,30$48@1619329454000,31$48@1619329494000,32$48@1619329514000,33$48@1619329534000,34$48@1619329593000,35$48@1619329613000,36$48@1619329633000,37$48@1619329653000,38$48@1619329673000,39$48@1619329713000,40$48@1619329732000,41$48@1619329752000,42$48@1619329789000,43$48@1619329832000,44$48@1619329852000,45$48@1619329868000,45$49@1619329871000,46$50@1619329911000,46$51@1619329961000,47$51@1619329971000,47$52@1619329991000,48$53@1619330010000,48$54@1619330025000,49$54@1619330070000,49$55@1619330090000,50$56@1619330110000,50$57@1619330130000,51$58@1619330149000,51$59@1619330169000,52$60@1619330229000,52$61@1619330249000,52$62@1619330259000,53$63@1619330288000,53$64@1619330308000,54$64@1619330360000,54$65@1619330368000,54$66@1619330388000,55$67@1619330408000,55$68@1619330427000,55$69@1619330447000,56$69@1619330450000,56$70@1619330467000,56$71@1619330485000,55$72@1619330507000,55$73@1619330527000,54$74@1619330547000,54$75@1619330581000,54$76@1619330606000,53$76@1619330626000,53$77@1619330638000,52$78@1619330666000,51$80@1619330703000,51$81@1619330725000,50$82@1619330780000,50$83@1619330825000,49$84@1619330845000,48$85@1619330864000,47$85@1619330884000,46$87@1619330924000,45$87@1619330964000,45$88@1619330984000,44$88@1619330998000,44$89@1619331021000,43$89@1619331072000,42$90@1619331103000,42$91@1619331137000,41$91@1619331142000,40$91@1619331167000,40$92@1619331179000,39$92@1619331202000,38$92@1619331222000,37$92@1619331242000,36$92@1619331262000,36$93@1619331282000,35$93@1619331301000,34$93@1619331321000
20000005,34$93@1619331321000,33$93@1619331440000,32$93@1619331467000,31$93@1619331480000,30$93@1619331500000
20000005,30$93@1619331500000,30$95@1619331659000,30$96@1619331729000,30$98@1619331778000,30$99@1619331798000,31$99@1619331838000,31$100@1619331857000,30$100@1619331890000,30$101@1619331897000,30$102@1619331929000,30$103@1619331937000,31$103@1619332006000,31$102@1619332036000,31$103@1619332076000
20000005,31$103@1619332076000,31$104@1619332294000,30$104@1619332313000,30$103@1619332370000,30$102@1619332400000
20000005,30$102@1619332400000,30$101@1619332493000,31$101@1619332513000,31$100@1619332532000,31$99@1619332540000,31$98@1619332553000
20000005,31$98@1619332553000,31$93@1619332811000
20000005,31$93@1619332811000,32$93@1619332950000,33$93@1619332989000,34$93@1619333009000,35$93@1619333069000,36$93@1619333109000,37$93@1619333129000,38$92@1619333148000,39$92@1619333188000,40$92@1619333208000,41$91@1619333228000,42$90@1619333248000,43$90@1619333268000,44$89@1619333288000,44$88@1619333321000,45$88@1619333326000,46$87@1619333367000,47$86@1619333387000,49$84@1619333446000,50$84@1619333462000,50$83@1619333486000,51$82@1619333526000,51$81@1619333546000,51$80@1619333598000,52$79@1619333625000,52$78@1619333645000,53$78@1619333648000,53$77@1619333665000,54$76@1619333685000,54$75@1619333699000,54$74@1619333717000,55$74@1619333739000,55$73@1619333764000,55$72@1619333784000,56$71@1619333804000,56$70@1619333824000,56$69@1619333834000,55$69@1619333844000,55$67@1619333864000,54$66@1619333883000,54$65@1619333923000,54$64@1619333940000,53$64@1619333943000,53$63@1619334002000,53$62@1619334022000,52$60@1619334062000,51$59@1619334082000,51$58@1619334122000,50$57@1619334161000,50$56@1619334181000,49$55@1619334201000,48$54@1619334221000,48$53@1619334261000,47$51@1619334320000,46$50@1619334340000,45$49@1619334400000,45$48@1619334419000,44$48@1619334443000,43$48@1619334459000
20000005,43$48@1619334459000,42$48@1619334598000,41$48@1619334617000,39$48@1619334678000,38$48@1619334718000,37$48@1619334757000,36$48@1619334777000,35$48@1619334817000,34$48@1619334837000,33$48@1619334877000,32$48@1619334915000,31$48@1619334936000,30$48@1619334956000,29$48@1619334976000
20000005,29$48@1619334976000,28$48@1619335313000,29$48@1619335353000
20000005,29$48@1619335353000,30$48@1619335691000,31$48@1619335711000,32$48@1619335750000,33$48@1619335770000,34$48@1619335810000,35$48@1619335830000,36$48@1619335849000,37$48@1619335889000,38$48@1619335908000,39$48@1619335949000,40$48@1619335988000,41$48@1619336008000,42$48@1619336053000,43$48@1619336084000
20000005,43$48@1619336084000,44$48@1619336227000,45$49@1619336262000,46$49@1619336286000,46$50@1619336306000,46$51@1619336366000,47$52@1619336382000,48$53@1619336406000,48$54@1619336425000,49$55@1619336484000,50$56@1619336505000,50$57@1619336525000,51$58@1619336545000,51$59@1619336604000,52$60@1619336644000,52$61@1619336664000,52$62@1619336680000,53$62@1619336683000,53$63@1619336703000,53$64@1619336723000,54$64@1619336773000,54$65@1619336783000,54$66@1619336823000,55$68@1619336862000,56$69@1619336872000,56$71@1619336902000,55$71@1619336908000,55$72@1619336922000,55$73@1619336941000,54$74@1619336961000,54$75@1619337001000,54$76@1619337021000,53$77@1619337056000,52$78@1619337081000,52$79@1619337100000,51$80@1619337120000,51$81@1619337159000,50$82@1619337197000,50$83@1619337226000,48$85@1619337278000,47$86@1619337304000,46$87@1619337337000,45$87@1619337359000,45$88@1619337372000,44$88@1619337400000,44$89@1619337418000,43$89@1619337478000,42$90@1619337498000,41$91@1619337518000,40$92@1619337546000,39$92@1619337576000,38$92@1619337597000,37$92@1619337617000,36$93@1619337637000,35$93@1619337656000,34$93@1619337704000,33$93@1619337775000,32$93@1619337793000,31$93@1619337825000,30$93@1619337908000
20000005,30$93@1619337908000,30$94@1619338072000,30$96@1619338112000,30$97@1619338133000,30$98@1619338193000,31$99@1619338206000,31$100@1619338232000,30$101@1619338272000,30$102@1619338292000,30$103@1619338311000,31$103@1619338380000,31$102@1619338411000,31$103@1619338439000
20000005,31$103@1619338439000,30$104@1619338769000
20000005,30$104@1619338769000,30$103@1619338986000,30$102@1619339007000,31$101@1619339046000,31$100@1619339102000,31$99@1619339116000,30$98@1619339146000,30$97@1619339226000,30$96@1619339265000
20000005,30$96@1619339265000,30$95@1619339364000,30$94@1619339384000,30$93@1619339398000,31$93@1619339424000
20000005,31$93@1619339424000,32$93@1619339583000,33$93@1619339623000,34$93@1619339643000,35$93@1619339659000,36$93@1619339702000,37$92@1619339722000,39$92@1619339742000,40$92@1619339762000,41$91@1619339782000,42$91@1619339801000,43$90@1619339821000,43$89@1619339841000,44$89@1619339854000,44$88@1619339877000,45$88@1619339899000,46$87@1619339940000,46$86@1619339960000,47$86@1619339980000,48$85@1619340000000,49$85@1619340020000,49$84@1619340040000,50$84@1619340053000,50$83@1619340060000,50$82@1619340099000,51$81@1619340119000,51$80@1619340179000,51$79@1619340199000,52$78@1619340218000,53$77@1619340238000,54$75@1619340278000,54$74@1619340316000,55$74@1619340338000,55$73@1619340361000,55$72@1619340397000,56$71@1619340416000,56$70@1619340432000,56$69@1619340437000,55$68@1619340457000,55$67@1619340477000,54$66@1619340497000,54$65@1619340516000,54$64@1619340576000,53$64@1619340592000,53$63@1619340616000,53$62@1619340636000,52$61@1619340655000,52$60@1619340675000,51$59@1619340695000,51$58@1619340745000,50$57@1619340792000,49$55@1619340834000,48$54@1619340854000,48$53@1619340907000,47$52@1619340953000,46$51@1619340973000,46$50@1619340993000,46$49@1619341017000,45$49@1619341033000,45$48@1619341046000,44$48@1619341056000,43$48@1619341122000,42$48@1619341152000
20000005,42$48@1619341152000,41$48@1619341251000,40$48@1619341311000,39$48@1619341331000,38$48@1619341351000,37$48@1619341410000,36$48@1619341430000,35$48@1619341470000,34$48@1619341490000,33$48@1619341509000,32$48@1619341569000,31$48@1619341582000
20000005,31$48@1619341582000,30$48@1619341668000
20000005,30$48@1619341668000,29$48@1619342046000
20000005,29$48@1619342046000,28$48@1619342308000,29$48@1619342356000
20000005,29$48@1619342356000,30$48@1619342502000,31$48@1619342542000,32$48@1619342561000,33$48@1619342581000,34$48@1619342621000,35$48@1619342641000,36$48@1619342661000,37$48@1619342701000,38$48@1619342740000,39$48@1619342774000,40$48@1619342800000,41$48@1619342820000,42$48@1619342880000,43$48@1619342900000
20000005,43$48@1619342900000,44$48@1619342999000,45$48@1619343019000,45$49@1619343026000,46$50@1619343058000,47$51@1619343118000,47$52@1619343138000,48$53@1619343158000,48$54@1619343178000,49$55@1619343237000,50$56@1619343277000,50$57@1619343293000,51$58@1619343317000,51$59@1619343334000,51$60@1619343376000,52$60@1619343395000,52$61@1619343416000,53$63@1619343436000,53$64@1619343455000,54$65@1619343534000,54$66@1619343555000,55$67@1619343575000,55$69@1619343615000,56$69@1619343623000,56$70@1619343634000,56$71@1619343654000,55$71@1619343667000,55$72@1619343674000,55$73@1619343694000,55$74@1619343714000,54$74@1619343725000,54$75@1619343773000,54$76@1619343799000,53$77@1619343833000,52$78@1619343853000,51$79@1619343873000,51$80@1619343883000,51$81@1619343910000,50$82@1619343965000,50$83@1619343992000,50$84@1619344012000,49$84@1619344019000,48$85@1619344049000,47$86@1619344071000,46$87@1619344110000,45$87@1619344131000,45$88@1619344149000,44$88@1619344200000,44$89@1619344240000,43$89@1619344290000,43$90@1619344310000,42$90@1619344330000,41$91@1619344350000,40$92@1619344389000,39$92@1619344409000,38$92@1619344428000,37$92@1619344447000,36$92@1619344468000,36$93@1619344489000,35$93@1619344507000,34$93@1619344587000,33$93@1619344627000,32$93@1619344647000,31$93@1619344686000,30$93@1619344766000,30$94@1619344776000,30$95@1619344825000,30$96@1619344836000,30$97@1619344905000,30$98@1619344925000,31$99@1619344944000,31$100@1619344964000,30$101@1619345003000,30$102@1619345024000,30$103@1619345039000,31$103@1619345117000,31$102@1619345163000
20000005,31$102@1619345163000,31$103@1619346594000
20000005,31$103@1619346594000,31$104@1619346794000,30$104@1619346852000,30$103@1619346912000,30$102@1619346932000,30$101@1619346950000,31$100@1619346966000,31$99@1619346990000
20000005,31$99@1619346990000,31$98@1619347109000,30$97@1619347130000,30$96@1619347150000,30$95@1619347170000,30$94@1619347249000,30$93@1619347259000,31$93@1619347279000
20000005,31$93@1619347279000,32$93@1619347507000,33$93@1619347543000,34$93@1619347576000,35$93@1619347627000,36$93@1619347665000,37$93@1619347673000,38$92@1619347686000,39$92@1619347706000,40$92@1619347726000,41$91@1619347745000,42$90@1619347765000,43$89@1619347786000,44$89@1619347814000,44$88@1619347853000,45$88@1619347884000,46$87@1619347925000,47$86@1619347964000,48$85@1619348004000,49$84@1619348023000,50$84@1619348044000,50$83@1619348064000,50$82@1619348084000,51$82@1619348104000,51$81@1619348122000,51$80@1619348163000,52$79@1619348178000,52$78@1619348202000,53$77@1619348223000,54$76@1619348243000,54$75@1619348261000,54$74@1619348282000,55$74@1619348307000,55$73@1619348341000,55$72@1619348362000,56$71@1619348380000,56$70@1619348382000,56$69@1619348399000,55$68@1619348421000,55$67@1619348440000,54$66@1619348461000,54$65@1619348500000,54$64@1619348519000,53$64@1619348524000,53$62@1619348560000,52$62@1619348580000,52$61@1619348599000,52$60@1619348620000,51$59@1619348640000,51$58@1619348679000,50$57@1619348699000,50$56@1619348719000,49$55@1619348739000,48$54@1619348759000,48$53@1619348798000,47$52@1619348838000,47$51@1619348858000,46$50@1619348878000,46$49@1619348909000,45$49@1619348916000,45$48@1619348929000,44$48@1619348958000,43$48@1619348997000,42$48@1619349036000
20000005,42$48@1619349036000,41$48@1619349255000,40$48@1619349295000,39$48@1619349315000,38$48@1619349334000,37$48@1619349394000,36$48@1619349414000,35$48@1619349434000,34$48@1619349474000,33$48@1619349494000,32$48@1619349533000,31$48@1619349553000
20000005,31$48@1619349553000,30$48@1619349673000
20000005,30$48@1619349673000,29$48@1619349987000
20000005,29$48@1619349987000,28$48@1619350242000,29$48@1619350287000
20000005,29$48@1619350287000,30$48@1619350546000,31$48@1619350586000,32$48@1619350606000,33$48@1619350626000,34$48@1619350685000,35$48@1619350704000,36$48@1619350725000,37$48@1619350783000,38$48@1619350804000,39$48@1619350824000,40$48@1619350843000,41$48@1619350862000,42$48@1619350924000,43$48@1619350963000,44$48@1619351022000,45$48@1619351042000,45$49@1619351052000,46$50@1619351079000,46$51@1619351162000,47$51@1619351181000,47$52@1619351202000,48$53@1619351221000,48$54@1619351242000,49$54@1619351280000,49$55@1619351301000,50$56@1619351321000,50$57@1619351341000,51$58@1619351361000,51$59@1619351434000,52$60@1619351500000,52$61@1619351520000,53$62@1619351538000,53$64@1619351577000,54$65@1619351658000,54$66@1619351678000,55$67@1619351718000,55$68@1619351738000,56$69@1619351743000,56$70@1619351758000,56$71@1619351775000,55$72@1619351798000,55$73@1619351818000,55$74@1619351835000,54$74@1619351851000,54$75@1619351880000,54$76@1619351910000,53$77@1619351934000,52$78@1619351955000,51$80@1619351995000,51$81@1619352033000,51$82@1619352052000,50$82@1619352066000,50$83@1619352094000,50$84@1619352107000,49$84@1619352113000,49$85@1619352133000,48$85@1619352147000,47$86@1619352174000,46$87@1619352214000,45$88@1619352233000
20000005,45$88@1619352233000,44$88@1619352326000
20000005,44$88@1619352326000,44$89@1619352413000
20000005,44$89@1619352413000,43$89@1619352508000,42$90@1619352551000,41$91@1619352570000,40$92@1619352610000,39$92@1619352627000,38$92@1619352651000,37$92@1619352670000,36$92@1619352690000,36$93@1619352709000,35$93@1619352728000,34$93@1619352749000
20000005,34$93@1619352749000,33$93@1619352847000,32$93@1619352887000,31$93@1619352925000,30$93@1619352965000
20000005,30$93@1619352965000,30$94@1619353074000,30$96@1619353144000,30$97@1619353221000,30$98@1619353303000,31$99@1619353340000,31$100@1619353362000
20000005,31$100@1619353362000,30$101@1619353482000,30$102@1619353498000,30$103@1619353509000,31$103@1619353561000,31$102@1619353588000,31$103@1619353629000
20000005,31$103@1619353629000,31$104@1619353901000
20000005,31$104@1619353901000,30$104@1619354017000,30$103@1619354097000,30$102@1619354137000,30$101@1619354157000,31$101@1619354177000,31$100@1619354181000,31$99@1619354208000,30$98@1619354275000,30$97@1619354344000,30$96@1619354376000,30$95@1619354435000,30$94@1619354475000,30$93@1619354494000,31$93@1619354514000,30$93@1619354515000,31$93@1619354515000
20000005,31$93@1619354515000,32$93@1619354634000,33$93@1619354662000,34$93@1619354714000,35$93@1619354717000,36$93@1619354752000,37$93@1619354773000,38$92@1619354792000,39$92@1619354813000,40$92@1619354832000,41$91@1619354853000,42$90@1619354872000,43$89@1619354912000,44$89@1619354932000,45$88@1619354955000,45$87@1619354972000,46$87@1619354993000,47$86@1619355013000,48$85@1619355052000,49$84@1619355071000,50$84@1619355090000,50$83@1619355098000,50$82@1619355132000,51$82@1619355151000,51$81@1619355159000,51$80@1619355210000,51$79@1619355239000,52$79@1619355250000,52$78@1619355269000,53$77@1619355290000,54$76@1619355329000,54$75@1619355350000,54$74@1619355369000,55$74@1619355449000,55$72@1619355489000,55$71@1619355508000,56$71@1619355519000,56$70@1619355527000,56$69@1619355546000,55$69@1619355567000,55$68@1619355588000,55$66@1619355607000,54$66@1619355626000,54$65@1619355647000,54$64@1619355666000,53$64@1619355703000,53$63@1619355746000,53$62@1619355765000,52$62@1619355786000,52$61@1619355806000,52$60@1619355826000,51$59@1619355865000,51$58@1619355914000,51$57@1619355945000,50$57@1619355958000,49$56@1619355985000,49$55@1619356004000,48$54@1619356023000,48$53@1619356049000,47$52@1619356082000,47$51@1619356103000,46$51@1619356124000,46$50@1619356142000,45$49@1619356183000,45$48@1619356191000,44$48@1619356201000,43$48@1619356254000,42$48@1619356283000,41$48@1619356323000,40$48@1619356382000,39$48@1619356422000,38$48@1619356441000,37$48@1619356460000,36$48@1619356481000,35$48@1619356563000,34$48@1619356580000,33$48@1619356621000,32$48@1619356699000,31$48@1619356720000
20000005,31$48@1619356720000,30$48@1619356819000
20000005,30$48@1619356819000,29$48@1619357136000
20000005,29$48@1619357136000,28$48@1619357405000
20000005,28$48@1619357405000,29$48@1619357494000
20000005,29$48@1619357494000,30$48@1619358010000,31$48@1619358050000,32$48@1619358069000,33$48@1619358090000,34$48@1619358130000,35$48@1619358149000,36$48@1619358189000,37$48@1619358208000,38$48@1619358229000,39$48@1619358268000,40$48@1619358288000,41$48@1619358308000,42$48@1619358388000,43$48@1619358407000
20000005,43$48@1619358407000,45$48@1619358527000,45$49@1619358535000,46$50@1619358565000
20000005,46$50@1619358565000,47$52@1619358745000,48$53@1619358764000,48$54@1619358783000,49$54@1619358844000,49$55@1619358863000,50$56@1619358884000,50$57@1619358903000,51$58@1619358924000,51$59@1619358962000,52$60@1619359002000,52$61@1619359023000,52$62@1619359042000,53$63@1619359063000,53$64@1619359082000,54$64@1619359142000,54$65@1619359162000,54$66@1619359182000,55$67@1619359222000,55$68@1619359241000,56$69@1619359268000,56$70@1619359281000,56$71@1619359299000,55$71@1619359303000,55$72@1619359321000,55$73@1619359340000,54$74@1619359361000,54$75@1619359419000,54$76@1619359440000,53$77@1619359461000,52$78@1619359501000,52$79@1619359520000,51$80@1619359536000,51$81@1619359559000,50$82@1619359617000,50$83@1619359643000,49$84@1619359675000,49$85@1619359699000,48$85@1619359718000,47$86@1619359758000,46$87@1619359793000,45$87@1619359836000,45$88@1619359852000,44$88@1619359857000,44$89@1619359921000
20000005,44$89@1619359921000,43$89@1619360037000,42$90@1619360076000,42$91@1619360095000,41$91@1619360116000,40$92@1619360135000,39$92@1619360154000,38$92@1619360175000,37$92@1619360185000,36$93@1619360215000,35$93@1619360234000,34$93@1619360313000,33$93@1619360334000,32$93@1619360374000,31$93@1619360414000,30$93@1619360454000,30$94@1619360507000,30$96@1619360553000,30$97@1619360572000
20000005,30$97@1619360572000,30$98@1619360671000,31$99@1619360731000,31$100@1619360751000
20000005,31$100@1619360751000,30$101@1619360851000,30$102@1619360870000,30$103@1619360881000,31$103@1619360908000,31$102@1619360948000,31$103@1619360988000
20000005,31$103@1619360988000,31$104@1619361210000,30$104@1619361238000,30$103@1619361307000,30$102@1619361327000,31$101@1619361346000,31$100@1619361361000
20000005,31$100@1619361361000,32$100@1619361503000,32$98@1619361545000,32$97@1619361566000,32$96@1619361585000,31$95@1619361625000,31$94@1619361665000,31$93@1619361684000,31$91@1619361724000,30$89@1619361764000,30$88@1619361784000,30$87@1619361803000,31$87@1619361824000,32$87@1619361848000,33$87@1619361883000
20000005,33$87@1619361883000,34$86@1619363610000,35$86@1619363639000,36$86@1619363690000
20000005,36$86@1619363690000,36$85@1619363789000,37$85@1619363847000,38$85@1619363889000,38$84@1619363892000,39$84@1619363929000,40$84@1619363958000,41$84@1619363974000,42$84@1619364028000,43$84@1619364087000,44$84@1619364107000
20000005,44$84@1619364107000,45$84@1619364251000
20000005,45$84@1619364251000,45$85@1619364425000,46$85@1619364444000,46$86@1619364465000,47$86@1619364468000,48$85@1619364503000,49$84@1619364543000,50$84@1619364559000,50$83@1619364575000,51$82@1619364624000,51$81@1619364641000,51$80@1619364683000,52$79@1619364723000,52$78@1619364742000,53$77@1619364763000,54$75@1619364803000,54$74@1619364841000,55$74@1619364910000,55$73@1619364941000,55$72@1619364961000,55$71@1619364981000,56$71@1619364990000,56$70@1619365001000,56$69@1619365014000,55$68@1619365040000,55$67@1619365060000,54$66@1619365080000,54$65@1619365120000,53$64@1619365160000,53$63@1619365219000,52$61@1619365259000,51$60@1619365299000,51$59@1619365318000,51$58@1619365334000,50$57@1619365378000,50$56@1619365398000,49$55@1619365418000,49$54@1619365438000,48$54@1619365454000,48$53@1619365517000,47$52@1619365538000,47$51@1619365555000,46$50@1619365576000,45$49@1619365637000,45$48@1619365655000,44$48@1619365664000
20000005,44$48@1619365664000,43$48@1619365835000,42$48@1619365874000,41$48@1619365895000
20000005,41$48@1619365895000,40$48@1619365994000,39$48@1619366013000,38$48@1619366034000,37$48@1619366074000,36$48@1619366093000,35$48@1619366122000,34$48@1619366153000,33$48@1619366173000,32$48@1619366233000,31$48@1619366252000,30$48@1619366273000
20000005,30$48@1619366273000,29$48@1619366490000,30$48@1619366494000,29$48@1619366570000
20000005,29$48@1619366570000,28$48@1619366788000,29$48@1619366828000
20000005,29$48@1619366828000,30$48@1619367166000
20000005,30$48@1619367166000,31$48@1619367284000,32$48@1619367303000,33$48@1619367324000,34$48@1619367383000,35$48@1619367404000,36$48@1619367424000,38$48@1619367463000,39$48@1619367523000,40$48@1619367542000,41$48@1619367563000,42$48@1619367622000,43$48@1619367662000,45$48@1619367717000,45$49@1619367721000,46$50@1619367758000,47$51@1619367821000,47$52@1619367840000,48$53@1619367861000,48$54@1619367880000,49$55@1619367941000,49$56@1619367960000,50$57@1619367979000,51$58@1619368017000,51$59@1619368030000,51$60@1619368078000,52$60@1619368099000,52$61@1619368118000,53$63@1619368158000
20000005,53$63@1619368158000,51$81@1619368615000,50$82@1619368674000,50$83@1619368693000,49$84@1619368714000,48$85@1619368754000,48$86@1619368780000,47$86@1619368785000,46$87@1619368835000,45$87@1619368854000,44$88@1619368875000,44$89@1619368896000,43$89@1619368901000,43$90@1619368916000,42$90@1619368936000,41$91@1619368976000,40$92@1619368995000,39$92@1619369016000,38$92@1619369035000,37$92@1619369054000,36$93@1619369090000,35$93@1619369129000,34$93@1619369174000,33$93@1619369254000,32$93@1619369333000,31$93@1619369353000,30$93@1619369413000
20000005,30$93@1619369413000,30$94@1619369617000,30$95@1619369690000,30$96@1619369730000,30$97@1619369749000,30$98@1619369770000,30$99@1619369810000,31$99@1619369890000,31$100@1619369909000
20000005,31$100@1619369909000,30$101@1619370027000,30$102@1619370044000,30$103@1619370060000,31$103@1619370109000,31$102@1619370143000,31$103@1619370171000
20000005,31$103@1619370171000,31$104@1619370385000,30$104@1619370410000
20000005,30$104@1619370410000,30$103@1619370605000,30$102@1619370644000,31$100@1619370685000
20000005,33$87@1619411972000,34$86@1619412012000,33$86@1619412052000,33$87@1619412103000,32$87@1619412111000,31$87@1619412162000,30$87@1619412182000,29$88@1619412222000,29$89@1619412262000,29$90@1619412301000,29$91@1619412321000,30$91@1619412333000,30$92@1619412360000,30$93@1619412401000,30$94@1619412520000,30$95@1619412540000,30$96@1619412560000,30$97@1619412636000,30$98@1619412699000,31$99@1619412718000,31$100@1619412738000,30$101@1619412818000,30$102@1619412838000,30$103@1619412855000,31$103@1619412887000,31$102@1619412931000,31$103@1619412964000,30$103@1619413156000,31$103@1619413232000,31$104@1619413270000,30$104@1619413305000,30$103@1619413360000,30$102@1619413392000,31$101@1619413414000,31$100@1619413463000,31$99@1619413493000,31$98@1619413513000,30$98@1619413530000
20000005,30$98@1619413530000,34$93@1619413851000,35$93@1619413950000,36$93@1619413990000,37$93@1619414009000,38$92@1619414029000,39$92@1619414049000,40$92@1619414069000,41$92@1619414089000,41$91@1619414109000,42$90@1619414129000,43$90@1619414148000,43$89@1619414152000,44$89@1619414168000,44$88@1619414182000,45$88@1619414228000,45$87@1619414327000,46$87@1619414347000,47$86@1619414367000,48$85@1619414387000,49$84@1619414427000,50$83@1619414446000,50$82@1619414486000,51$82@1619414506000,51$81@1619414518000,51$80@1619414585000,52$79@1619414625000,53$78@1619414645000,53$77@1619414665000,54$76@1619414685000,54$75@1619414697000,54$74@1619414722000,55$74@1619414784000,55$73@1619414804000,55$72@1619414824000,56$71@1619414844000,56$70@1619414865000,56$69@1619414872000,55$68@1619414903000,55$67@1619414923000,54$66@1619414943000,54$65@1619414963000,54$64@1619414983000,53$64@1619415003000,53$63@1619415062000,52$62@1619415102000,52$61@1619415122000,52$60@1619415142000,51$59@1619415161000,51$58@1619415204000,50$57@1619415241000,50$56@1619415261000,49$56@1619415281000,49$55@1619415300000,48$54@1619415320000,48$53@1619415366000,47$52@1619415400000,47$51@1619415420000,46$50@1619415459000,45$49@1619415499000,45$48@1619415519000,44$48@1619415539000,43$48@1619415559000,42$48@1619415579000,41$48@1619415596000,40$48@1619415658000,39$48@1619415672000,38$48@1619415678000,37$48@1619415737000,36$48@1619415757000,35$48@1619415817000,34$48@1619415837000,33$48@1619415857000,32$48@1619415896000,31$48@1619415916000,30$48@1619415936000,29$48@1619416115000
20000005,29$48@1619416115000,28$48@1619416411000,29$48@1619416452000
20000005,29$48@1619416452000,30$48@1619416790000,31$48@1619416863000,32$48@1619416889000,33$48@1619416909000,34$48@1619416949000,35$48@1619416969000,36$48@1619417008000,37$48@1619417068000,38$48@1619417088000,39$48@1619417108000,40$48@1619417128000,41$48@1619417147000,42$48@1619417207000,43$48@1619417227000,44$48@1619417306000,45$48@1619417340000,45$49@1619417345000,46$49@1619417366000,46$50@1619417386000,46$51@1619417544000,47$52@1619417564000,48$53@1619417584000,48$54@1619417604000,49$54@1619417664000,49$55@1619417684000,50$56@1619417703000,50$57@1619417723000,51$58@1619417743000
20000005,51$58@1619417743000,51$59@1619417970000,51$60@1619418001000,52$60@1619418021000
20000005,52$60@1619418021000,53$77@1619418478000,52$78@1619418518000,51$80@1619418544000,51$81@1619418577000,51$82@1619418635000,50$82@1619418657000,50$83@1619418676000,49$84@1619418695000,48$85@1619418716000,47$86@1619418756000,46$87@1619418796000,45$87@1619418815000,45$88@1619418835000,44$88@1619418939000,44$89@1619419014000,43$89@1619419034000,43$90@1619419054000,42$90@1619419074000,42$91@1619419102000,41$91@1619419113000,40$92@1619419153000,39$92@1619419193000,38$92@1619419213000,37$92@1619419232000,36$93@1619419272000,35$93@1619419312000,34$93@1619419352000,33$93@1619419471000,32$93@1619419510000,31$93@1619419550000,30$93@1619419629000,30$95@1619419789000,30$97@1619419947000,31$99@1619420007000,31$100@1619420027000,30$101@1619420186000,30$103@1619420206000,31$103@1619420273000,31$102@1619420442000,31$103@1619420484000,31$102@1619420543000,30$102@1619420548000,31$103@1619420575000,31$104@1619420762000
20000005,31$104@1619420762000,31$99@1619421066000,31$98@1619421099000,30$98@1619421118000,30$97@1619421197000,30$96@1619421218000,30$95@1619421238000,30$94@1619421257000,30$93@1619421310000,31$93@1619421338000,32$93@1619421437000,33$93@1619421477000,34$93@1619421536000,35$93@1619421577000,36$93@1619421616000,37$93@1619421655000,37$92@1619421671000,38$92@1619421675000,39$92@1619421727000,40$92@1619421775000,41$91@1619421794000,42$91@1619421814000,42$90@1619421834000,43$90@1619421854000,44$89@1619421894000,44$88@1619421924000,45$88@1619422013000,46$87@1619422151000,47$86@1619422191000,48$85@1619422265000,49$84@1619422291000,50$84@1619422309000,50$83@1619422331000,51$82@1619422370000,51$81@1619422390000,51$80@1619422449000,51$79@1619422470000,52$79@1619422490000,53$78@1619422509000,53$77@1619422529000,54$76@1619422549000,54$75@1619422564000,54$74@1619422586000,55$74@1619422634000,55$73@1619422667000,55$72@1619422688000,56$71@1619422708000,56$70@1619422725000,55$68@1619422748000,55$67@1619422788000,54$66@1619422807000,54$65@1619422847000,54$64@1619422867000,53$64@1619422887000,53$63@1619422946000,52$62@1619422966000,52$61@1619422985000,52$60@1619423006000,51$59@1619423026000,51$58@1619423082000,50$57@1619423125000,50$56@1619423145000,49$55@1619423161000,49$54@1619423185000,48$54@1619423205000,48$53@1619423256000,47$52@1619423304000,46$51@1619423324000,46$50@1619423344000,46$49@1619423383000,45$48@1619423402000,44$48@1619423421000
20000005,43$48@1619425427000,44$48@1619425648000,45$48@1619425685000,45$49@1619425690000,46$50@1619425726000,46$51@1619425825000,47$51@1619425842000,47$52@1619425865000,48$53@1619425885000,48$54@1619425903000,49$54@1619425964000,49$55@1619425984000,50$56@1619426005000,50$57@1619426024000,51$58@1619426043000,51$59@1619426140000,52$60@1619426263000,52$61@1619426282000,52$62@1619426301000,53$62@1619426312000,53$63@1619426341000,53$64@1619426357000,54$64@1619426402000,54$65@1619426421000,54$66@1619426438000,55$67@1619426481000,55$68@1619426520000,56$69@1619426528000,56$70@1619426559000,56$71@1619426562000,55$71@1619426580000,55$73@1619426599000,55$74@1619426639000,54$74@1619426679000,54$75@1619426736000,54$76@1619426739000,53$77@1619426775000,53$78@1619426799000,52$78@1619426818000,51$79@1619426839000,51$80@1619426846000,51$81@1619426877000,51$82@1619426958000,50$82@1619426977000,50$83@1619426997000,49$84@1619427007000,49$85@1619427037000,48$85@1619427043000,47$86@1619427075000,46$87@1619427135000,45$88@1619427175000,44$88@1619427274000,43$88@1619427301000,44$89@1619427349000,42$90@1619427532000,41$91@1619427572000,40$92@1619427591000,39$92@1619427625000,38$92@1619427653000,37$92@1619427772000,36$92@1619427891000,36$93@1619427902000,35$93@1619427931000,34$93@1619428030000,33$93@1619428070000,32$93@1619428109000,31$93@1619428150000,30$93@1619428189000,30$94@1619428336000,30$95@1619428368000,30$96@1619428403000,30$97@1619428427000,30$98@1619428446000,31$99@1619428506000,31$100@1619428527000,31$101@1619428546000,30$102@1619428566000,30$103@1619428599000,31$103@1619428706000,31$102@1619428726000,31$103@1619428779000,31$102@1619428794000,31$103@1619428892000,31$104@1619429005000,30$104@1619429143000,30$103@1619429301000,30$102@1619429341000,31$101@1619429381000,31$100@1619429398000
20000005,31$100@1619429398000,32$100@1619429623000,32$99@1619429659000,32$98@1619429670000,32$97@1619429690000,32$96@1619429798000,31$95@1619429837000,31$94@1619429877000,31$93@1619429897000,31$92@1619429917000,31$91@1619429937000,31$90@1619429956000,31$89@1619429977000,30$89@1619429997000,30$88@1619430017000,30$87@1619430037000,31$87@1619430058000,32$87@1619430096000,33$87@1619430136000